L/R,p_x,p_y,p_z,v_x,v_y,v_z,a_x,a_y,a_z,t
L,-0.1332179,0.5213536,0.02093228,-0.04801716,0.06262354,-0.03467036,-1.26197,1.515573,-0.9424467,-0.02777481
L,-0.1337459,0.5220659,0.02035533,-0.01901192,0.0256468,-0.02077237,1.0443,-1.331305,0.5003811,0
L,-0.1336918,0.5223885,0.02015076,0.003580319,0.02131255,-0.01351826,1.492921,-0.2864127,0.47936,0.0151329
L,-0.1336493,0.5225484,0.02005196,0.001600922,0.006028455,-0.003724461,-0.07461706,-0.5761624,0.3691956,0.04166031
L,-0.1339555,0.521934,0.0201213,-0.02038751,-0.04090599,0.004617402,-1.464093,-3.125116,0.5554405,0.05667877
L,-0.1342399,0.5216382,0.02026787,-0.01919827,-0.01997489,0.009895146,0.08028649,1.413073,0.3563041,0.07149124
L,-0.1345679,0.5212922,0.02045316,-0.01287349,-0.01357394,0.007270209,0.2481667,0.2511556,-0.1029953,0.09697723
L,-0.1342975,0.5222659,0.02104828,0.009539324,0.03434935,0.02099412,0.7906588,1.690594,0.4841396,0.1253242
L,-0.134618,0.523616,0.02212345,-0.01147231,0.04833018,0.03848814,-0.7521608,0.5004766,0.6262394,0.1532593
L,-0.1460971,0.530755,0.02790805,-0.4166097,0.2590964,0.2099403,-14.70363,7.649328,6.222504,0.1808128
L,-0.1490146,0.537227,0.03105249,-0.2049844,0.454729,0.2209315,14.86902,13.74535,0.7722565,0.1950455
L,-0.1478504,0.5409307,0.03191417,0.08356295,0.2658518,0.06185208,20.7122,-13.55778,-11.41887,0.2089767
L,-0.1474255,0.5404866,0.0316317,0.02962309,-0.03096326,-0.01969358,-3.760641,-20.69369,-5.685294,0.22332
L,-0.1487711,0.5448539,0.03407212,-0.09671691,0.3139181,0.1754163,-9.081238,24.78985,14.02437,0.2372322
L,-0.1505087,0.550024,0.03696693,-0.1220905,0.3632572,0.203392,-1.782773,3.466614,1.965603,0.2514648
L,-0.1507156,0.5515468,0.04238638,-0.007826594,0.05761338,0.2050336,4.322931,-11.56338,0.0621065,0.2778969
L,-0.1458782,0.5570412,0.06468741,0.3137312,0.3563366,1.446334,20.85464,19.3737,80.50454,0.2933159
L,-0.1409861,0.5613014,0.08665318,0.1866184,0.1625118,0.8379213,-4.848934,-7.393772,-23.20891,0.3195305
L,-0.1409861,0.5613014,0.08665318,0,0,0,-12.97292,-11.29714,-58.24875,0.3339157
L,-0.1409861,0.5613014,0.08665318,0,0,0,0,0,0,0.3480492
L,-0.1409861,0.5613014,0.08665318,0,0,0,0,0,0,0.3621941
L,-0.1409861,0.5613014,0.08665318,0,0,0,0,0,0,0.3765869
L,-0.1409861,0.5613014,0.08665318,0,0,0,0,0,0,0.402401
L,-0.1409861,0.5613014,0.08665318,0,0,0,0,0,0,0.4170914
L,-0.1409861,0.5613014,0.08665318,0,0,0,0,0,0,0.4310112
L,-0.1409861,0.5613014,0.08665318,0,0,0,0,0,0,0.4454155
L,-0.1409861,0.5613014,0.08665318,0,0,0,0,0,0,0.4721222
L,-0.1409861,0.5613014,0.08665318,0,0,0,0,0,0,0.4870033
L,-0.2017175,0.9580362,0.01809798,-4.252238,27.77822,-4.800036,-297.7293,1944.95,-336.0846,0.5012856
L,-0.2017175,0.9580362,0.01809801,0,2.257622E-06,1.128811E-06,161.0603,-1052.145,181.8091,0.5276871
L,-0.2160477,1.014047,0.0424422,-1.004704,3.926982,1.706789,-70.44056,275.3234,119.6641,0.5419502
L,-0.2211919,1.043555,0.05317556,-0.3586447,2.057231,0.7483203,45.04274,-130.3575,-66.82361,0.5562935
L,-0.2273419,1.066762,0.05592971,-0.4474581,1.688471,0.200384,-6.461809,-26.82987,-39.86629,0.5700378
L,-0.2323537,1.086123,0.05881584,-0.341608,1.319642,0.1967192,7.21476,-25.13946,-0.2497908,0.5847092
L,-0.2366692,1.10303,0.06187839,-0.3034511,1.188908,0.2153517,2.683099,-9.192899,1.310191,0.5989304
L,-0.2381296,1.121502,0.06657258,-0.05621903,0.7110591,0.1806978,9.516946,-18.39431,-1.333967,0.6249084
L,-0.2260419,1.138079,0.0735447,0.7933717,1.087983,0.4576112,55.76242,24.73923,18.17506,0.6401443
L,-0.2220629,1.149497,0.07758498,0.2762348,0.7926874,0.2804917,-35.90157,-20.50056,-12.2963,0.6545486
L,-0.2220747,1.165187,0.07613072,-0.0004523509,0.6028978,-0.05588194,-10.63205,-7.292903,-12.92558,0.6805725
L,-0.2219958,1.191299,0.07277779,0.005320859,1.760577,-0.2260677,0.3892522,78.05524,-11.47458,0.6954041
L,-0.2218838,1.207314,0.07074502,0.007852211,1.123178,-0.1425567,0.1775224,-44.70052,5.856583,0.7096634
L,-0.2218632,1.220564,0.06994005,0.00144916,0.9296708,-0.05648274,-0.449283,-13.5778,6.039553,0.7239151
L,-0.220098,1.232647,0.07250308,0.1280018,0.8761929,0.1858597,9.177046,-3.877978,17.57361,0.7377052
L,-0.2188314,1.244841,0.07473925,0.04918195,0.4735086,0.08683147,-3.060606,-15.63639,-3.845305,0.7634583
L,-0.2174035,1.262781,0.08520212,0.09622429,1.208965,0.7050847,3.170146,49.56184,41.66359,0.7782974
L,-0.2167892,1.275002,0.08998956,0.04389288,0.8731688,0.3420545,-3.738993,-23.99211,-25.93791,0.7922935
L,-0.2146937,1.283178,0.08981062,0.1489927,0.5813246,-0.01272259,7.472546,-20.74999,-25.22449,0.8063583
L,-0.2130652,1.292253,0.090335,0.1125152,0.6270015,0.03623217,-2.520384,3.156019,3.382498,0.8208313
L,-0.2080537,1.298164,0.08873129,0.3566086,0.4206026,-0.1141163,17.36906,-14.68682,-10.69841,0.8348846
L,-0.2041738,1.305413,0.08811406,0.2739267,0.5117913,-0.04357736,-5.83748,6.438076,4.980164,0.8490486
L,-0.2010468,1.313568,0.08812337,0.1197567,0.3123128,0.00035667,-5.904273,-7.63946,1.682548,0.8751602
L,-0.2001784,1.325529,0.09055697,0.05677947,0.7821698,0.1591302,-4.118008,30.72342,10.38202,0.8904533
L,-0.1985863,1.331507,0.09143665,0.06107045,0.2292856,0.03374356,0.1645968,-21.20797,-4.809682,0.916523
L,-0.1951928,1.339864,0.09195697,0.2448691,0.6029968,0.03754376,13.26224,26.96564,0.2742084,0.9303818
L,-0.1929635,1.343771,0.09185474,0.1592758,0.2792144,-0.007303591,-6.115501,-23.13372,-3.204269,0.9443779
L,-0.190887,1.348737,0.09203411,0.1497485,0.3580897,0.01293522,-0.6870723,5.688229,1.459555,0.9582443
L,-0.1885183,1.34883,0.08893003,0.1657664,0.006506941,-0.2172223,1.120926,-24.60366,-16.10636,0.9725342
L,-0.1861179,1.350367,0.08641636,0.1591829,0.1019242,-0.1666945,-0.4365859,6.327613,3.350763,0.9876137
L,-0.1837066,1.353099,0.08439311,0.1696896,0.1922399,-0.1423846,0.7394001,6.355902,1.710788,1.001823
L,-0.1808519,1.354888,0.08366188,0.1084073,0.06795958,-0.02776872,-2.327216,-4.719593,4.352582,1.028156
L,-0.1775523,1.360421,0.08221798,0.2272645,0.3810595,-0.09945132,8.186467,21.56523,-4.937247,1.042675
L,-0.175417,1.364706,0.08149909,0.1514938,0.3040088,-0.05100167,-5.3756,-5.466409,3.437289,1.05677
L,-0.17353,1.366005,0.07991968,0.1359362,0.09356966,-0.1137766,-1.120727,-15.15948,-4.522144,1.070652
L,-0.1716289,1.367943,0.07856265,0.1301549,0.132688,-0.09290632,-0.3958024,2.678154,1.42884,1.085258
L,-0.1696356,1.370473,0.07731627,0.07672942,0.09738895,-0.04797804,-2.056561,-1.358803,1.729468,1.111237
L,-0.1688483,1.378273,0.07463127,0.05349578,0.5300188,-0.182441,-1.578683,29.3964,-9.136511,1.125954
L,-0.1679184,1.384581,0.07265666,0.06431811,0.4363044,-0.1365781,0.7485509,-6.481969,3.172215,1.140411
L,-0.1686829,1.387718,0.07259238,-0.05307369,0.2178065,-0.004462808,-8.149776,-15.16894,9.171934,1.154816
L,-0.1689787,1.390864,0.07238284,-0.01132733,0.1204536,-0.008023618,1.598533,-3.727798,-0.1363489,1.180931
L,-0.1673427,1.395658,0.06883281,0.112827,0.3306449,-0.2448348,8.562567,14.49629,-16.33219,1.195431
L,-0.1653641,1.398069,0.06539252,0.1353226,0.1648513,-0.2352861,1.538502,-11.33885,0.653051,1.210052
L,-0.1655079,1.402443,0.06448995,-0.005481241,0.1666652,-0.03439033,-5.364953,0.06911223,7.654595,1.236298
L,-0.1651646,1.410543,0.06257016,0.02378858,0.5613188,-0.1330319,2.02826,27.34763,-6.835395,1.250729
L,-0.1647461,1.41514,0.06144692,0.02868464,0.315049,-0.07698044,0.3355487,-16.87794,3.841453,1.26532
L,-0.1631072,1.416231,0.0608911,0.06205707,0.04130254,-0.0210468,1.263669,-10.36559,2.117965,1.291729
L,-0.1599045,1.414489,0.05876557,0.2112648,-0.1149189,-0.1402097,9.842455,-10.30511,-7.860554,1.306889
L,-0.1583,1.413039,0.05774477,0.1059262,-0.09571739,-0.06738748,-6.953889,1.267577,4.80733,1.322037
L,-0.1569426,1.412203,0.05679969,0.0535569,-0.032995,-0.03728899,-2.066269,2.474759,1.187559,1.347382
L,-0.157036,1.412301,0.05739323,-0.00640719,0.006761839,0.04071004,-4.112827,2.726849,5.349811,1.361961
L,-0.1570729,1.412538,0.05785275,-0.002618626,0.01683539,0.03262729,0.2690003,0.7152547,-0.5739011,1.376045
L,-0.1568389,1.413905,0.05905601,0.01669247,0.09750102,0.08585404,1.377868,5.755583,3.797788,1.39006
L,-0.1564877,1.41571,0.06038836,0.02395793,0.1231216,0.0908841,0.4956015,1.747665,0.3431173,1.40472
L,-0.1560785,1.417633,0.06159211,0.01579876,0.07426535,0.04648043,-0.3150502,-1.886488,-1.714561,1.430618
L,-0.1569079,1.419113,0.06421128,-0.05417841,0.09667798,0.1710936,-4.571168,1.464076,8.140193,1.445927
L,-0.1574272,1.419518,0.06484109,-0.01917849,0.01495139,0.02326029,1.292621,-3.018334,-5.459794,1.473003
L,-0.1598314,1.420356,0.06573886,-0.1617685,0.05642005,0.06040651,-9.594227,2.790236,2.499398,1.487865
L,-0.1622975,1.421012,0.06626175,-0.0923906,0.02456857,0.01959043,2.599256,-1.193322,-1.529183,1.514557
L,-0.1669607,1.417127,0.06188677,-0.3328151,-0.2772852,-0.312245,-17.15922,-21.54347,-23.68328,1.528568
L,-0.1692739,1.415387,0.05975004,-0.161063,-0.1211819,-0.1487729,11.9585,10.86894,11.382,1.542931
L,-0.1800377,1.418313,0.06093755,-0.7730565,0.2101455,0.08528682,-43.95354,23.79603,16.81023,1.556854
L,-0.188116,1.420492,0.06167854,-0.5808259,0.1566786,0.05327649,13.8212,-3.844227,-2.301512,1.570763
L,-0.1946169,1.422168,0.06212164,-0.4483503,0.1156275,0.03055939,9.136458,-2.831175,-1.566733,1.585262
L,-0.2001648,1.419429,0.05678328,-0.2108033,-0.1041002,-0.2028435,9.026167,-8.349079,-8.868699,1.61158
L,-0.2230552,1.424093,0.05650968,-1.493423,0.3043414,-0.01785058,-83.68121,26.64772,12.06938,1.626907
L,-0.2322405,1.426158,0.05624688,-0.3498824,0.07862903,-0.01001026,43.5589,-8.597667,0.2986475,1.65316
L,-0.2470344,1.425459,0.04905477,-1.042785,-0.04922358,-0.5069559,-48.84115,-9.012046,-35.02859,1.667347
L,-0.2543759,1.425548,0.04621436,-0.4852575,0.005870209,-0.187745,36.85135,3.64158,21.09915,1.682476
L,-0.2611126,1.426646,0.04340393,-0.2576974,0.04201627,-0.1075058,8.704731,1.382675,3.069345,1.708618
L,-0.2771339,1.421879,0.03817187,-1.057637,-0.3146956,-0.3453925,-52.80767,-23.54819,-15.704,1.723766
L,-0.2850627,1.420224,0.03567133,-0.547548,-0.1143391,-0.1726818,35.22568,13.83621,11.92705,1.738247
L,-0.2924966,1.419069,0.03349579,-0.2786306,-0.04329604,-0.08154227,10.07937,2.662784,3.416024,1.764927
L,-0.3124319,1.417687,0.02888055,-0.7246148,-0.05022879,-0.1677562,-16.21077,-0.2519936,-3.133732,1.792439
L,-0.3303501,1.413281,0.02404477,-0.6412489,-0.1576792,-0.1730608,2.983462,-3.845389,-0.1898379,1.820381
L,-0.347124,1.409289,0.01897018,-1.137102,-0.2705828,-0.3440064,-33.61386,-7.65374,-11.58841,1.835133
L,-0.3557194,1.407454,0.01638628,-0.319746,-0.06827817,-0.09611934,30.40512,7.525607,9.221246,1.862015
L,-0.3754635,1.401468,0.01184297,-1.227654,-0.3721834,-0.2824955,-56.45224,-18.89633,-11.58856,1.878098
L,-0.3849211,1.396283,0.007998807,-0.3696511,-0.2026428,-0.1502497,33.53516,6.626517,5.168843,1.903683
L,-0.4019266,1.388195,0.00352128,-1.062921,-0.5055511,-0.2798657,-43.33251,-18.93314,-8.101584,1.919682
L,-0.410603,1.384195,0.001812418,-0.3362135,-0.1550074,-0.06621847,28.15995,13.58358,8.278839,1.945488
L,-0.425543,1.377996,-0.01052956,-0.5351776,-0.2220467,-0.4421121,-7.127254,-2.401468,-13.46519,1.973404
L,-0.4421914,1.369526,-0.01494909,-1.070199,-0.5445071,-0.2840981,-34.39254,-20.72856,10.15753,1.98896
L,-0.4511496,1.364382,-0.01504246,-0.3413256,-0.1959802,-0.00355764,27.77179,13.27969,10.68925,2.015205
L,-0.4729297,1.359079,-0.01379781,-0.7998794,-0.1947456,0.04570998,-16.84045,0.04534216,1.80936,2.042435
L,-0.4870619,1.353258,-0.01993498,-0.9102349,-0.374977,-0.3952878,-7.107874,-11.6085,-28.40416,2.057961
L,-0.4927278,1.350086,-0.02515369,-0.2128542,-0.1191468,-0.1960524,26.19865,9.610826,7.484717,2.084579
L,-0.5079696,1.338262,-0.0334214,-0.9730996,-0.7548785,-0.5278447,-48.5372,-40.58774,-21.18299,2.100243
L,-0.5162058,1.332855,-0.037365,-0.3148699,-0.206723,-0.1507643,25.16421,20.95605,14.41583,2.1264
L,-0.5280967,1.32448,-0.0446804,-0.4328138,-0.3048242,-0.2662717,-4.293015,-3.570761,-4.204325,2.153873
L,-0.5416622,1.313589,-0.05194723,-0.89305,-0.7170078,-0.4783918,-30.29838,-27.13497,-13.96434,2.169064
L,-0.5490823,1.308204,-0.0556837,-0.2791511,-0.2025958,-0.1405702,23.09557,19.35275,12.70923,2.195644
L,-0.5560091,1.289488,-0.06608781,-0.2493563,-0.6737589,-0.3745367,1.072581,-16.96136,-8.422535,2.223423
L,-0.5632761,1.274939,-0.07602747,-0.4665725,-0.9340559,-0.6381634,-13.9461,-16.71205,-16.92583,2.238998
L,-0.5681292,1.267874,-0.08090903,-0.1898527,-0.276414,-0.1909673,10.82532,25.72704,17.49437,2.264561
L,-0.5879394,1.26235,-0.09011051,-1.28702,-0.3588677,-0.5977976,-71.28024,-5.356817,-26.43076,2.279953
L,-0.5899745,1.253323,-0.09334088,-0.0768488,-0.3408555,-0.1219853,45.69852,0.6801793,17.96763,2.306435
L,-0.5953487,1.238183,-0.1023516,-0.3479409,-0.980242,-0.5833795,-17.55129,-41.39574,-29.872,2.32188
L,-0.5988759,1.230673,-0.1081715,-0.1331951,-0.2835953,-0.2197733,8.109234,26.30679,13.73051,2.348362
L,-0.6064506,1.223845,-0.1104818,-0.4894434,-0.441205,-0.149279,-23.01906,-10.18399,4.555001,2.363838
L,-0.6109984,1.219147,-0.1128494,-0.1729038,-0.1786077,-0.09001428,12.03466,9.983802,2.253212,2.390141
L,-0.6183184,1.214961,-0.1170304,-0.474507,-0.2713665,-0.2710236,-19.5508,-6.012902,-11.73356,2.405567
L,-0.6228102,1.211395,-0.1198856,-0.1738007,-0.1379659,-0.1104765,11.63518,5.161651,6.212024,2.431412
L,-0.6282664,1.203859,-0.124111,-0.3469068,-0.4791262,-0.268653,-11.00624,-21.69128,-10.057,2.44714
L,-0.6283823,1.196949,-0.126389,-0.004438532,-0.2645684,-0.08721543,13.11173,8.214554,6.946512,2.473259
L,-0.6311337,1.188614,-0.1314536,-0.1779546,-0.5390837,-0.3275747,-11.22285,-17.75538,-15.5462,2.48872
L,-0.6335169,1.185405,-0.1345585,-0.09060914,-0.1219951,-0.1180452,3.320825,15.85747,7.96619,2.515022
L,-0.6404295,1.177126,-0.1397158,-0.4671549,-0.5595192,-0.3485334,-25.44707,-29.56801,-15.57646,2.529819
L,-0.6441067,1.17253,-0.142637,-0.1371807,-0.1714503,-0.1089781,12.30977,14.47701,8.936669,2.556625
L,-0.6437742,1.168721,-0.1464667,0.0218954,-0.2507534,-0.252115,10.47234,-5.220701,-9.423022,2.571815
L,-0.6445498,1.165813,-0.1489305,-0.02922445,-0.1095636,-0.09282368,-1.925951,5.319352,6.00133,2.598358
L,-0.6506143,1.160531,-0.1500465,-0.3952674,-0.3442706,-0.07273861,-23.85777,-15.29762,1.309095,2.613701
L,-0.6528802,1.156051,-0.1501488,-0.08719677,-0.1724163,-0.003936642,11.85538,6.613412,2.647684,2.639687
L,-0.6542155,1.14338,-0.1506799,-0.08861551,-0.8409256,-0.03524426,-0.09415546,-44.366,-2.077748,2.654755
L,-0.6540189,1.135741,-0.1511323,0.01352116,-0.5255578,-0.03113004,7.027432,21.69864,0.2830756,2.669289
L,-0.6544054,1.129217,-0.1518512,-0.01474267,-0.2489175,-0.02742789,-1.078328,10.55444,0.1412455,2.695499
L,-0.6549464,1.128991,-0.1532674,-0.03510115,-0.01463128,-0.09186986,-1.320676,15.1984,-4.18042,2.710915
L,-0.6554622,1.127953,-0.1541186,-0.01976365,-0.03978768,-0.03261756,0.5877261,-0.9639817,2.270521,2.737011
L,-0.6554558,1.12718,-0.1541864,0.0004172386,-0.05055996,-0.004432673,1.320264,-0.7047389,1.843898,2.752296
L,-0.6554035,1.126324,-0.1545104,0.001978761,-0.03238587,-0.01225175,0.0590428,0.6871812,-0.2956477,2.778744
L,-0.6550446,1.122642,-0.1550081,0.02405874,-0.2467559,-0.03336043,1.479963,-14.36866,-1.414859,2.793663
L,-0.6546756,1.119596,-0.1551182,0.01368984,-0.1130131,-0.004084284,-0.3847339,4.962474,1.08628,2.820614
L,-0.6566659,1.117673,-0.1562867,-0.1373388,-0.1327405,-0.08062977,-10.42149,-1.36126,-5.281901,2.835106
L,-0.6578367,1.116208,-0.1570372,-0.08006946,-0.1001663,-0.05132851,3.916725,2.227794,2.003952,2.849728
L,-0.6609772,1.112838,-0.156567,-0.1195912,-0.1283229,0.01790554,-1.504994,-1.072209,2.636446,2.875988
L,-0.6655149,1.110134,-0.1562956,-0.3196847,-0.1904982,0.01911449,-14.09657,-4.380239,0.08517024,2.890182
L,-0.6671993,1.110486,-0.1563753,-0.1118084,0.0233366,-0.005289116,13.79933,14.19486,-1.619969,2.905247
L,-0.6687185,1.110532,-0.1564908,-0.1034953,0.00316723,-0.007869348,0.566324,-1.374033,-0.1757776,2.919926
L,-0.6687489,1.111264,-0.1565527,-0.0004496719,0.01080445,-0.0009136436,1.521334,0.1127535,0.1026918,2.987659
L,-0.6678475,1.112507,-0.15541,0.06477436,0.08931264,0.08211798,4.686976,5.641571,5.966623,3.001575
L,-0.6667375,1.115564,-0.1542471,0.04312157,0.1187713,0.04517484,-0.8411602,1.1444,-1.435154,3.027317
L,-0.6641659,1.120212,-0.1537424,0.09014776,0.1629363,0.01769148,1.64852,1.54822,-0.9634393,3.055843
L,-0.6622787,1.122006,-0.1536419,0.1321759,0.1256011,0.007041269,2.943474,-2.614798,-0.745896,3.070122
L,-0.6609852,1.123241,-0.1535916,0.04833616,0.04615111,0.001877116,-3.133013,-2.968973,-0.1929796,3.096882
L,-0.6576596,1.124683,-0.1517375,0.1200305,0.05205321,0.0669231,2.587668,0.2130252,2.34771,3.124588
L,-0.6564736,1.12612,-0.1513297,0.04367668,0.05292041,0.01501859,-2.811982,0.03193749,-1.911556,3.151741
L,-0.6563092,1.126006,-0.1507929,0.005919471,-0.004090831,0.0193295,-1.359591,-2.052906,0.1552306,3.179512
L,-0.6562371,1.125925,-0.1501563,0.002598797,-0.002912371,0.02293653,-0.1196556,0.04246408,0.1299742,3.207264
L,-0.6561781,1.126135,-0.1499043,0.002167402,0.007688805,0.009256887,-0.01584526,0.3893842,-0.5024573,3.234489
L,-0.6551248,1.125712,-0.1493783,0.03803159,-0.01526343,0.0189932,1.294984,-0.828759,0.3515586,3.262184
L,-0.6533448,1.124925,-0.1489221,0.06320263,-0.02794426,0.01619641,0.8937337,-0.4502512,-0.09930383,3.290348
L,-0.6525584,1.125134,-0.148751,0.02881474,0.007661798,0.006269984,-1.260075,1.304713,-0.3637342,3.317638
L,-0.6518276,1.12477,-0.1475083,0.02617043,-0.01303613,0.04449849,-0.09468488,-0.7411334,1.368853,3.345566
L,-0.6528556,1.125042,-0.1447363,-0.03725463,0.009845003,0.1004501,-2.298383,0.8291611,2.027562,3.373161
L,-0.6556268,1.125912,-0.1410215,-0.100074,0.0314179,0.134153,-2.268595,0.779061,1.217109,3.400852
L,-0.6551926,1.127139,-0.1391051,0.01560144,0.04410127,0.06886566,4.15677,0.4557738,-2.346083,3.42868
L,-0.6490232,1.132164,-0.1350439,0.2173452,0.1770175,0.1430745,7.107367,4.682597,2.614352,3.457066
L,-0.6413966,1.138205,-0.1301144,0.2795003,0.2213931,0.1806568,2.277868,1.626282,1.377322,3.484352
L,-0.6306126,1.147615,-0.1286407,0.3880534,0.3386282,0.05303117,3.906181,4.218595,-4.592492,3.512142
L,-0.6245978,1.158544,-0.1228328,0.2165249,0.393423,0.2090766,-6.174836,1.972553,5.617466,3.539921
L,-0.6233365,1.174081,-0.1121074,0.04545103,0.5598668,0.3864747,-6.164398,5.997561,6.39228,3.567673
L,-0.6215422,1.191558,-0.1027861,0.06465635,0.6297637,0.3358806,0.6920358,2.518632,-1.823085,3.595425
L,-0.6143573,1.209407,-0.09607753,0.2573045,0.6391863,0.2402464,6.899118,0.3374424,-3.424854,3.623348
L,-0.6050354,1.226219,-0.0897513,0.3317523,0.5983234,0.2251402,2.649478,-1.454245,-0.5376042,3.651447
L,-0.5927466,1.240856,-0.07812578,0.4472976,0.5327774,0.4231547,4.205709,-2.385796,7.207487,3.678921
L,-0.5793034,1.25674,-0.06683386,0.4741721,0.5602673,0.3982924,0.9479247,0.969633,-0.8769521,3.707272
L,-0.5638,1.275732,-0.05373311,0.5754106,0.7048882,0.4862356,3.757478,5.36762,3.264021,3.734215
L,-0.550975,1.294242,-0.03930773,0.4521248,0.6525224,0.5085432,-4.346239,-1.84607,0.786417,3.762581
L,-0.5358083,1.313201,-0.02753032,0.5473353,0.6841831,0.4250244,3.435967,1.142576,-3.014034,3.790291
L,-0.5174508,1.33379,-0.01844413,0.6635842,0.7442774,0.3284462,4.202143,2.172278,-3.491093,3.817955
L,-0.4975821,1.352212,-0.01194812,1.270047,1.177518,0.4152377,38.76627,27.69357,5.547886,3.833599
L,-0.4844746,1.362097,-0.009481888,0.4981944,0.375734,0.09373743,-29.33687,-30.47452,-12.21972,3.859909
L,-0.4511196,1.379324,-0.001937155,1.220012,0.6300972,0.2759602,26.40159,9.303721,6.665076,3.887249
L,-0.4159302,1.395356,0.004161228,2.24063,1.020828,0.3883057,64.98633,24.87924,7.153438,3.902954
L,-0.3976085,1.404717,0.007937369,0.7137669,0.3646623,0.1471084,-59.48252,-25.56249,-9.396406,3.928623
L,-0.3867284,1.402051,0.007065663,0.3853734,-0.0944087,-0.03087589,-11.63173,-16.26033,-6.304219,3.956856
L,-0.3734085,1.401633,0.008279507,0.8857774,-0.02781742,0.08072093,33.27699,4.428338,7.421217,3.971893
L,-0.3642851,1.403746,0.0098263,0.3541096,0.08202084,0.06003589,-20.6357,4.263168,-0.8028515,3.997658
L,-0.3214521,1.436342,0.013393,2.838323,2.159931,0.2363468,164.6162,137.6926,11.68323,4.012749
L,-0.2967151,1.453076,0.01563335,0.9216385,0.623481,0.08346993,-71.41094,-57.24434,-5.695816,4.039589
L,-0.2633052,1.44043,0.01377551,1.208364,-0.4573848,-0.06719371,10.37021,-39.09251,-5.449168,4.067238
L,-0.2456114,1.443045,0.01884073,0.6239322,0.09220305,0.1786141,-20.60871,19.38003,8.667884,4.095596
L,-0.2298852,1.443156,0.02050761,0.5630324,0.003990542,0.05967794,-2.180349,-3.158205,-4.258182,4.123528
L,-0.2100908,1.445135,0.02213129,1.313667,0.1313054,0.1077566,49.81628,8.449322,3.190769,4.138596
L,-0.1980601,1.447213,0.02335284,0.4584662,0.07920392,0.04655062,-32.58987,-1.985476,-2.33243,4.164837
L,-0.1781117,1.44235,0.02353287,1.336406,-0.3257651,0.01206066,58.81589,-27.13013,-2.310589,4.179764
L,-0.1655099,1.441593,0.02413177,0.4724635,-0.02837618,0.02245402,-32.39091,11.1497,0.3896679,4.206436
L,-0.1482747,1.441451,0.02782767,1.082959,-0.008966023,0.2322285,38.35997,1.21962,13.181,4.222351
L,-0.1345927,1.440424,0.02597493,0.5273747,-0.03957598,-0.07141384,-21.41496,-1.179858,-11.70387,4.248295
L,-0.1164302,1.434795,0.02461955,0.6468118,-0.2004483,-0.0482684,4.253458,-5.729074,0.8242682,4.276375
L,-0.1032185,1.43069,0.02686319,0.8572657,-0.2663676,0.145583,13.65575,-4.277313,12.57846,4.291786
L,-0.09671065,1.430571,0.02909007,0.2464611,-0.00453265,0.08433468,-23.13186,9.915987,-2.319543,4.318192
L,-0.08784937,1.430424,0.03230416,0.5800079,-0.009597378,0.2103753,21.83203,-0.3315077,8.249888,4.333469
L,-0.08383386,1.430358,0.03399931,0.1545504,-0.002523491,0.06524358,-16.37515,0.2722621,-5.585879,4.359451
L,-0.07086533,1.421018,0.03168627,0.8850875,-0.6374723,-0.1578622,49.85835,-43.33456,-15.22672,4.374104
L,-0.06267622,1.41754,0.0311969,0.2950016,-0.1253049,-0.01762892,-21.25704,18.45013,5.051712,4.401863
L,-0.05951021,1.412988,0.02875234,0.1160607,-0.1668691,-0.08961357,-6.559681,-1.523678,-2.63884,4.429142
L,-0.05561386,1.426378,0.03296029,0.2305657,0.7924026,0.2490043,6.775803,56.76464,20.03761,4.446041
L,-0.05181496,1.431712,0.03482085,0.1553842,0.21816,0.07610148,-3.075111,-23.48795,-7.072153,4.47049
L,-0.04256847,1.420681,0.03252186,0.5883284,-0.7018583,-0.1462786,27.54702,-58.53817,-14.14942,4.486206
L,-0.03632174,1.416424,0.03179718,0.2378076,-0.162077,-0.02758782,-13.34402,20.549,4.518456,4.512474
L,-0.03948708,1.415298,0.03025649,-0.2052883,-0.07302233,-0.09992165,-28.73699,5.775645,-4.691212,4.527893
L,-0.0429944,1.421357,0.03312191,-0.1348721,0.2330021,0.1101882,2.707819,11.768,8.079659,4.553898
L,-0.04958116,1.422746,0.03710563,-0.3975776,0.08381303,0.2404579,-15.85694,-9.005068,7.863095,4.570465
L,-0.05096231,1.423222,0.03862266,-0.05436344,0.01875469,0.05971196,13.50924,-2.560759,-7.114333,4.595871
L,-0.05361594,1.421556,0.03820265,-0.1702476,-0.1068894,-0.02694653,-7.434739,-8.060901,-5.559717,4.611458
L,-0.05453342,1.421152,0.03815598,-0.03502456,-0.01541339,-0.001781761,5.162067,3.492046,0.9606513,4.637653
L,-0.05518357,1.421013,0.03865417,-0.02352755,-0.005051594,0.01802839,0.4160507,0.37497,0.7168846,4.665287
L,-0.05524292,1.420996,0.03936882,-0.003808235,-0.001048042,0.04586091,1.265435,0.2569173,1.786078,4.68087
L,-0.05516382,1.420738,0.03937542,0.003080263,-0.01005459,0.0002569061,0.268238,-0.3507149,-1.775819,4.706551
L,-0.05486009,1.420065,0.03941882,0.01932082,-0.04279908,0.0027612,1.03309,-2.082934,0.1593025,4.722271
L,-0.05456473,1.419532,0.0394766,0.01116625,-0.02015431,0.002184238,-0.3082885,0.8560988,-0.02181239,4.748722
L,-0.05452351,1.419306,0.03974186,0.002624171,-0.01438396,0.01689,-0.5439044,0.367419,0.936368,4.764427
L,-0.05447736,1.419177,0.03990469,0.001770475,-0.004962132,0.00624697,-0.03275153,0.3614627,-0.4083136,4.790493
L,-0.05434766,1.418387,0.03963644,0.008527715,-0.05193441,-0.01763715,0.4442864,-3.088413,-1.570374,4.805702
L,-0.05421023,1.41773,0.03940975,0.005262539,-0.02516981,-0.008680508,-0.1250287,1.024858,0.3429639,4.831818
L,-0.05326318,1.417182,0.03900896,0.06113339,-0.03535151,-0.02587157,3.606552,-0.6572455,-1.10971,4.847309
L,-0.05264309,1.416847,0.03875917,0.0232685,-0.01259215,-0.009373099,-1.42085,0.8540269,0.6190919,4.873959
L,-0.05111757,1.415646,0.03897763,0.09849907,-0.07752463,0.01410507,4.85745,-4.192527,1.515927,4.889446
L,-0.05024572,1.414957,0.0391071,0.03142874,-0.02483412,0.00466741,-2.417778,1.899409,-0.3402127,4.917187
L,-0.04874172,1.414455,0.03974997,0.09953664,-0.03323814,0.04254568,4.507467,-0.5561881,2.506832,4.932297
L,-0.04737811,1.415061,0.04112989,0.05269968,0.02344556,0.05333013,-1.810118,2.190666,0.4167889,4.958172
L,-0.04683664,1.415666,0.04204282,0.01971175,0.02199347,0.03323404,-1.200887,-0.05286158,-0.7315745,4.985641
L,-0.04630828,1.416477,0.04395305,0.0191148,0.02936965,0.06910777,-0.02159637,0.2668536,1.297831,5.013283
L,-0.0461803,1.417063,0.04627426,0.004600141,0.02106472,0.08343524,-0.5217237,-0.2985175,0.5149951,5.041103
L,-0.04688627,1.418242,0.04934755,-0.02550164,0.04256235,0.1110159,-1.087364,0.7765573,0.9962948,5.068787
L,-0.04730839,1.418565,0.05107567,-0.01553493,0.01190685,0.06359913,0.3667999,-1.128198,-1.745055,5.095959
L,-0.04741258,1.418159,0.0513236,-0.007141034,-0.02785948,0.01699219,0.5752701,-2.72536,-3.194178,5.11055
L,-0.04748058,1.417896,0.05150697,-0.002486216,-0.009614714,0.006704095,0.1701858,0.6670509,-0.3761453,5.137901
L,-0.04849557,1.418804,0.05387473,-0.03712464,0.03322956,0.08660448,-1.266953,1.567095,2.922479,5.165241
L,-0.05365453,1.416382,0.05457779,-0.3334296,-0.1565505,0.04543977,-19.15054,-12.26571,-2.660523,5.180714
L,-0.05829247,1.41433,0.05504011,-0.1752895,-0.07756182,0.01747323,5.97686,2.985353,-1.056987,5.207172
L,-0.06527844,1.410531,0.05575239,-0.4504012,-0.2449198,0.04592197,-17.73706,-10.78994,1.834153,5.222683
L,-0.06861313,1.408381,0.05612384,-0.128649,-0.08293782,0.0143301,12.41286,6.249094,-1.218781,5.248604
L,-0.0777219,1.400994,0.05151575,-0.3207265,-0.2601075,-0.1622542,-6.763192,-6.238275,-6.217664,5.277004
L,-0.1044336,1.420037,0.06310968,-0.9759321,0.6957579,0.4235929,-23.93843,34.92326,21.40436,5.304375
L,-0.1172536,1.423811,0.06364875,-0.4604318,0.1355451,0.0193608,18.51422,-20.12007,-14.51802,5.332218
L,-0.1248685,1.414244,0.05682769,-0.4916713,-0.6177263,-0.4404191,-2.017061,-48.63684,-29.68683,5.347706
L,-0.1293351,1.409053,0.05386949,-0.1722157,-0.2001351,-0.1140572,12.31701,16.10075,12.5833,5.373642
L,-0.1315848,1.402099,0.04898905,-0.1505991,-0.4655659,-0.3267053,1.447053,-17.76841,-14.23505,5.38858
L,-0.1306846,1.399014,0.04639046,0.0332232,-0.1138251,-0.09590372,6.784163,12.98138,8.517985,5.415676
L,-0.1492727,1.410876,0.05679402,-0.6702572,0.4276952,0.3751349,-25.36632,19.52631,16.98486,5.443409
L,-0.1647604,1.411842,0.06408671,-0.5526828,0.03448305,0.2602418,4.195672,-14.03188,-4.099989,5.471432
L,-0.1773424,1.409316,0.06595027,-0.8137886,-0.1633512,0.1205328,-16.88806,-12.79572,-9.036238,5.486893
L,-0.1834129,1.407011,0.06539944,-0.2346792,-0.08914153,-0.02129428,22.38756,2.868843,-5.482838,5.51276
L,-0.1972458,1.406244,0.06738092,-0.4948411,-0.02741198,0.07088341,-9.306752,2.208247,3.297465,5.540714
L,-0.2111794,1.407119,0.06907213,-0.8893667,0.05583455,0.1079478,-25.18201,5.313508,2.36577,5.556381
L,-0.2185348,1.408213,0.06986172,-0.2888653,0.04296817,0.03100919,23.5832,-0.5052952,-3.021574,5.581844
L,-0.2242199,1.404177,0.06509622,-0.3859923,-0.2740223,-0.3235556,-6.594476,-21.52218,-24.0733,5.596573
L,-0.2284284,1.402536,0.06346194,-0.1570642,-0.06124537,-0.06099345,8.543871,7.941086,9.799129,5.623367
L,-0.2394845,1.397121,0.06115112,-0.7561412,-0.3703366,-0.1580396,-40.97168,-21.13916,-6.637113,5.637989
L,-0.2453488,1.39486,0.06024041,-0.2126853,-0.08199883,-0.03302951,19.70998,10.45739,4.533845,5.665562
L,-0.2649385,1.393382,0.0583777,-1.396231,-0.1053647,-0.1327623,-84.35544,-1.665366,-7.108308,5.679592
L,-0.274467,1.392177,0.05705437,-0.3428738,-0.04336822,-0.04761858,37.90407,2.230885,3.063818,5.707382
L,-0.2923567,1.391241,0.05529508,-1.263043,-0.06606013,-0.1242089,-64.9655,-1.602086,-5.407402,5.721546
L,-0.3016708,1.391111,0.05446569,-0.3362646,-0.004708373,-0.02994366,33.45951,2.214983,3.403258,5.749245
L,-0.3168707,1.388187,0.05002345,-1.086607,-0.2090265,-0.3175636,-53.63993,-14.60615,-20.56118,5.763233
L,-0.324888,1.386743,0.04807494,-0.2888885,-0.05203608,-0.07021182,28.7446,5.656919,8.912961,5.790985
L,-0.3434885,1.384269,0.04895196,-1.295779,-0.1722944,0.06109653,-70.14356,-8.377622,9.147408,5.80534
L,-0.3526223,1.382942,0.04887989,-0.332551,-0.04831163,-0.002623969,35.07005,4.514074,-2.319993,5.832806
L,-0.3691252,1.380812,0.04258011,-1.109838,-0.1432545,-0.4236663,-52.27325,-6.384996,-28.31547,5.847675
L,-0.378528,1.379517,0.04061532,-0.3528823,-0.04861757,-0.07373739,28.40822,3.551684,13.13268,5.874321
L,-0.3992188,1.374403,0.03633492,-1.329078,-0.3284887,-0.2749527,-62.70618,-17.97759,-12.92511,5.889889
L,-0.4104264,1.37074,0.03368507,-0.4297835,-0.1404741,-0.1016152,34.48577,7.209903,6.647072,5.915966
L,-0.4341159,1.365912,0.03101611,-1.61342,-0.3288029,-0.181775,-80.614,-12.82652,-5.459444,5.930649
L,-0.4452863,1.363486,0.02946156,-0.4155348,-0.0902556,-0.05782859,44.56059,8.873812,4.610728,5.957531
L,-0.4538563,1.354869,0.02413161,-0.5683223,-0.5714173,-0.3534565,-10.13214,-31.90833,-19.60462,5.97261
L,-0.4604713,1.351008,0.02160364,-0.2461758,-0.1436817,-0.09407892,11.98875,15.91827,9.652792,5.999481
L,-0.4662663,1.342846,0.006548293,-0.4082593,-0.5750554,-1.060647,-11.41876,-30.39023,-68.09464,6.013676
L,-0.4711355,1.337299,0.00204111,-0.1769858,-0.2016171,-0.1638285,8.406399,13.57385,32.59785,6.041187
L,-0.4853486,1.327634,-0.001883424,-0.9799777,-0.6664091,-0.2705926,-55.36546,-32.04694,-7.361271,6.055691
L,-0.4942192,1.322525,-0.002784078,-0.3266916,-0.188141,-0.03316958,24.05943,17.61381,8.743891,6.082844
L,-0.504663,1.31442,-0.007085237,-0.7050666,-0.5471929,-0.2903742,-25.54436,-24.23984,-17.36406,6.097656
L,-0.5109937,1.310117,-0.009626334,-0.2339719,-0.1590344,-0.09391418,17.41078,14.34561,7.260794,6.124714
L,-0.5159028,1.300679,-0.01551219,-0.3437208,-0.6607655,-0.4121107,-7.6843,-35.12975,-22.2792,6.138996
L,-0.5201042,1.295868,-0.01859507,-0.1557352,-0.1783618,-0.1142757,6.968226,17.88168,11.04011,6.165974
L,-0.5254689,1.290193,-0.02053467,-0.3582129,-0.3789003,-0.1295097,-13.51969,-13.39021,-1.017194,6.18095
L,-0.5293866,1.289056,-0.02773806,-0.1456922,-0.04227993,-0.2678855,7.903393,12.51851,-5.146034,6.20784
L,-0.537213,1.282092,-0.03355077,-0.5033504,-0.4478809,-0.3738387,-23.00244,-26.08583,-6.814277,6.223389
L,-0.5417151,1.276799,-0.03441012,-0.1733299,-0.203779,-0.03308466,12.70567,9.397833,13.11891,6.249363
L,-0.5566139,1.268869,-0.03840674,-1.066819,-0.5678264,-0.286176,-63.97784,-26.06742,-18.12247,6.263329
L,-0.5635663,1.264619,-0.04081978,-0.2535145,-0.1549677,-0.0879906,29.65683,15.05473,7.226752,6.290752
L,-0.5643196,1.255043,-0.04177855,-0.04849429,-0.6164968,-0.06172297,13.19863,-29.71196,1.691037,6.306286
L,-0.5664846,1.250257,-0.04296932,-0.08232476,-0.181988,-0.04527899,-1.286402,16.52218,0.6252818,6.332584
L,-0.572078,1.247365,-0.04544833,-0.3795747,-0.1962691,-0.1682256,-20.17144,-0.9691211,-8.343183,6.347321
L,-0.5735205,1.246758,-0.04851266,-0.05259258,-0.02210535,-0.1117243,11.92161,6.349928,2.060009,6.374748
L,-0.5762489,1.244262,-0.05303515,-0.1855342,-0.169739,-0.3075338,-9.040169,-10.03924,-13.31525,6.389454
L,-0.5777705,1.242311,-0.05499996,-0.05656197,-0.07253262,-0.07303793,4.794285,3.613452,8.716916,6.416355
L,-0.5836238,1.235868,-0.05854274,-0.3920262,-0.4315678,-0.2372812,-22.46805,-24.04673,-11.00036,6.431286
L,-0.5870366,1.232257,-0.06065757,-0.1272604,-0.1346239,-0.07886041,9.87294,11.07284,5.907407,6.458103
L,-0.5892965,1.229821,-0.06506116,-0.1480354,-0.159553,-0.2884495,-1.360827,-1.632937,-13.72877,6.47337
L,-0.5910803,1.227968,-0.06746845,-0.06896894,-0.07166759,-0.0930762,3.057049,3.39803,7.553974,6.499233
L,-0.5978765,1.214085,-0.07018513,-0.4802139,-0.9809299,-0.1919574,-29.05806,-64.24734,-6.986826,6.513386
L,-0.6012088,1.20835,-0.07188084,-0.1190421,-0.2048796,-0.06057775,12.90256,27.72376,4.693431,6.541378
L,-0.6075726,1.207536,-0.07573509,-0.436478,-0.05587716,-0.2643561,-21.77234,10.2198,-13.97679,6.555958
L,-0.6104847,1.20572,-0.07814457,-0.1068726,-0.06661242,-0.08842628,12.09633,-0.3939777,6.456525,6.583206
L,-0.6134075,1.203141,-0.08169986,-0.2002622,-0.1767267,-0.2435959,-6.398728,-7.54464,-10.63168,6.597801
L,-0.6154498,1.201172,-0.0838131,-0.07563083,-0.07290489,-0.07825606,4.615251,3.844647,6.122737,6.624805
L,-0.6184195,1.185212,-0.08935884,-0.1999663,-1.074726,-0.3734347,-8.37241,-67.45986,-19.87653,6.639656
L,-0.6203294,1.178698,-0.09205453,-0.07075634,-0.2413175,-0.09986718,4.78683,30.8752,10.13483,6.666649
L,-0.6192687,1.181448,-0.09426628,0.0695813,0.1804226,-0.1450943,9.206374,27.66682,-2.966973,6.681892
L,-0.6195721,1.182253,-0.0940112,-0.01159517,0.03075795,0.009748825,-3.102482,-5.720031,5.917948,6.708057
L,-0.6203021,1.182969,-0.09343213,-0.0506778,0.04971365,0.04020148,-2.713262,1.315976,2.114137,6.722462
L,-0.6204067,1.182768,-0.09324757,-0.003791805,-0.007311533,0.006686133,1.698574,-2.065894,-1.214186,6.750065
L,-0.6197907,1.182541,-0.09310956,0.04263051,-0.01569925,0.009551132,3.212601,-0.5804617,0.1982688,6.764515
L,-0.6192635,1.182133,-0.09309167,0.01953898,-0.01511698,0.000662914,-0.855712,0.02157739,-0.3293742,6.7915
L,-0.6188367,1.182141,-0.09297886,0.03001744,0.0005785484,0.007934079,0.7370179,1.103968,0.511428,6.805717
L,-0.6186553,1.182072,-0.09296931,0.006775285,-0.002564103,0.00035696,-0.8679191,-0.1173543,-0.2829482,6.832497
L,-0.618444,1.183046,-0.09252943,0.01371008,0.0631886,0.02854928,0.4500901,4.26756,1.829772,6.847904
L,-0.6183255,1.183763,-0.09222802,0.004545288,0.02751866,0.01156185,-0.3515503,-1.368256,-0.6516175,6.873974
L,-0.6173403,1.18507,-0.09088846,0.06536715,0.08668692,0.08887831,4.035456,3.925741,5.129852,6.889046
L,-0.6165504,1.186722,-0.08943935,0.02929577,0.06126203,0.05374548,-1.337846,-0.94298,-1.303036,6.916008
L,-0.6150469,1.1878,-0.08881034,0.1012174,0.07261171,0.0423453,4.841764,0.7640606,-0.76746,6.930862
L,-0.6144137,1.188241,-0.08856307,0.02354276,0.01637622,0.009193067,-2.88781,-2.090738,-1.232543,6.95776
L,-0.6135541,1.189997,-0.08702987,0.06664541,0.1361561,0.118876,3.34194,9.287067,8.50421,6.970657
L,-0.6130944,1.190948,-0.08620182,0.02733666,0.05657328,0.04924418,-2.337693,-4.732795,-4.14101,6.987473
L,-0.6140177,1.193044,-0.08518092,-0.03580113,0.08127312,0.03958892,-2.448401,0.9578277,-0.3744185,7.01326
L,-0.6147596,1.195012,-0.08374321,-0.05405781,0.1433696,0.1047489,-1.33015,4.52424,4.747446,7.026985
L,-0.614644,1.194961,-0.08338822,0.00409573,-0.001790299,0.01257405,2.059803,-5.141574,-3.264842,7.055218
L,-0.6143921,1.194966,-0.08320242,0.01819043,0.0003873967,0.01341738,1.017862,0.1572644,0.06090165,7.069065
L,-0.6142404,1.194988,-0.08308115,0.005430979,0.0007725007,0.004341849,-0.4568168,0.01378759,-0.3249242,7.096996
L,-0.6135954,1.194684,-0.08247101,0.04646709,-0.02191536,0.04395309,2.956134,-1.634374,2.85349,7.110878
L,-0.6131181,1.194478,-0.08200306,0.01700992,-0.00733245,0.01667617,-1.049758,0.5196877,-0.9720611,7.138939
L,-0.6128026,1.19432,-0.08184285,0.02333169,-0.01165703,0.01185047,0.4676107,-0.3198819,-0.3569499,7.152458
L,-0.6126245,1.194422,-0.08178119,0.006308676,0.003583851,0.002183448,-0.6027935,0.5396872,-0.342314,7.180698
L,-0.6122608,1.194567,-0.08181949,0.02605305,0.01043659,-0.002744197,1.414559,0.4909553,-0.3530343,7.194656
L,-0.6119902,1.194608,-0.08195697,0.00970631,0.001444938,-0.004930104,-0.5862108,-0.3224499,-0.07838885,7.222542
L,-0.6104342,1.193619,-0.08235286,0.1135826,-0.07218567,-0.02890038,7.582995,-5.375055,-1.749837,7.23624
L,-0.6094077,1.192961,-0.0826108,0.03755364,-0.02407201,-0.009435834,-2.781263,1.760077,0.7120448,7.263577
L,-0.6073051,1.192736,-0.08281115,0.1493286,-0.01593403,-0.01422961,7.938536,0.5779793,-0.3404658,7.277657
L,-0.6062102,1.192612,-0.08291377,0.03929782,-0.004453895,-0.003682967,-3.949057,0.4120274,0.3785239,7.305519
L,-0.6060769,1.193119,-0.08350255,0.009319152,0.03540111,-0.04116983,-2.096219,2.786809,-2.621221,7.31982
L,-0.605987,1.193229,-0.08341415,0.003256197,0.004009287,0.003200363,-0.2194955,-1.13647,1.606322,7.347443
L,-0.6060786,1.193258,-0.08349328,-0.006221665,0.001959197,-0.005373624,-0.6436696,-0.1392277,-0.5822847,7.362167
L,-0.6063066,1.193183,-0.08374863,-0.0084664,-0.002797054,-0.009480166,-0.0833372,-0.1765788,-0.1524579,7.389103
L,-0.6068395,1.193418,-0.08346224,-0.0362771,0.01600234,0.01949524,-1.893121,1.279706,1.972404,7.403793
L,-0.6073024,1.193626,-0.08319362,-0.01720966,0.007734929,0.009988365,0.708995,-0.3074115,-0.3534994,7.430687
L,-0.6077334,1.193746,-0.08279631,-0.0287785,0.008007514,0.02652837,-0.7724655,0.01820085,1.104397,7.445663
L,-0.6079631,1.193809,-0.08256964,-0.008680806,0.00237855,0.008565933,0.7594765,-0.2127143,-0.6787871,7.472126
L,-0.6078064,1.193883,-0.08226036,0.01049923,0.004977947,0.02072979,1.285587,0.1742307,0.8153114,7.487045
L,-0.607735,1.193865,-0.08211206,0.002679785,-0.000674975,0.005561,-0.2932086,-0.2119696,-0.5687896,7.513714
L,-0.6075649,1.193783,-0.08189718,0.01200596,-0.005765217,0.01517052,0.6584435,-0.3593796,0.6784478,7.527878
L,-0.6074368,1.193711,-0.08180343,0.004350395,-0.002452409,0.003182617,-0.2598886,0.1124622,-0.4069614,7.557335
L,-0.606933,1.193419,-0.08177976,0.01957061,-0.01133669,0.0009195433,0.5912699,-0.3451336,-0.08791514,7.583076
L,-0.6065484,1.193205,-0.08167847,0.02794571,-0.01557303,0.007359947,0.6085037,-0.3077968,0.467936,7.59684
L,-0.6065922,1.193241,-0.08156746,-0.001569118,0.001293722,0.003975899,-1.05713,0.6041151,-0.1212061,7.62476
L,-0.6063512,1.193283,-0.08170671,0.01688636,0.002965451,-0.009757794,1.293235,0.1171435,-0.9623644,7.63903
L,-0.6062032,1.19331,-0.08179905,0.005407984,0.0009583217,-0.003374,-0.4194296,-0.07334217,0.2332692,7.666397
L,-0.6059724,1.193193,-0.08143635,0.01637791,-0.008282011,0.02573853,0.7784788,-0.6557385,2.065965,7.680489
L,-0.605826,1.193116,-0.08120253,0.005231043,-0.002733683,0.008351944,-0.3981584,0.1981824,-0.6210367,7.708485
L,-0.6055778,1.192848,-0.08107265,0.0171131,-0.01849842,0.008957347,0.8194708,-1.087248,0.04175286,7.722984
L,-0.605481,1.192846,-0.08105066,0.0035596,-6.571569E-05,0.000808303,-0.4981028,0.6774181,-0.2994845,7.750195
L,-0.605387,1.192744,-0.081025,0.006595457,-0.007185158,0.001799949,0.213017,-0.4995501,0.06958085,7.764446
L,-0.6053839,1.192614,-0.08101659,0.000113272,-0.004766137,0.0003074137,-0.2368975,0.08840539,-0.0545461,7.791809
L,-0.6050007,1.192322,-0.08081606,0.02594614,-0.01977041,0.01358005,1.749401,-1.016089,0.8988223,7.806576
L,-0.6046884,1.192089,-0.08065452,0.01166144,-0.008674868,0.006031292,-0.5333495,0.4142756,-0.2818488,7.833359
L,-0.6044206,1.191666,-0.08048693,0.01844538,-0.0291809,0.01154325,0.467254,-1.412384,0.3796441,7.847878
L,-0.6042724,1.191428,-0.08039436,0.005405476,-0.008680073,0.003377063,-0.4756934,0.7478665,-0.2979009,7.87529
L,-0.6047472,1.191545,-0.07986739,-0.03129715,0.007739816,0.03473488,-2.419254,1.082317,2.066951,7.890461
L,-0.6052116,1.191669,-0.07936605,-0.0177197,0.004735262,0.01913011,0.5180852,-0.1146471,-0.5954438,7.916668
L,-0.606129,1.192029,-0.07819736,-0.06728718,0.02637101,0.08572055,-3.635651,1.586928,4.884243,7.930302
L,-0.6066152,1.192294,-0.07744614,-0.01708009,0.009316796,0.02638721,1.763565,-0.5990434,-2.084132,7.958771
L,-0.6078063,1.192768,-0.07418794,-0.08579795,0.03415258,0.2347121,-4.950253,1.789105,15.00717,7.972652
L,-0.6084237,1.193023,-0.07247083,-0.02209081,0.009131466,0.06143454,2.279302,-0.8952007,-6.19949,8.000603
L,-0.6078095,1.192645,-0.0719058,0.04188345,-0.02578694,0.03853256,4.362765,-2.381283,-1.561815,8.015266
L,-0.6073154,1.192612,-0.0714328,0.01840939,-0.001247868,0.01762031,-0.8744614,0.9141353,-0.7790279,8.04211
L,-0.6061102,1.191918,-0.07063936,0.08255079,-0.04749967,0.05434965,4.393594,-3.168182,2.515907,8.056709
L,-0.6053913,1.191508,-0.0701305,0.02724098,-0.01554821,0.01928224,-2.095856,1.210738,-1.32881,8.083099
L,-0.6053051,1.191393,-0.06968857,0.006068002,-0.008093465,0.03109222,-1.489632,0.5244809,0.8308952,8.097313
L,-0.6052717,1.191343,-0.06947514,0.00120673,-0.001801476,0.007716069,-0.1757486,0.2274731,-0.8451135,8.124973
L,-0.6052958,1.191277,-0.06937798,-0.00171401,-0.0046638,0.006898361,-0.2073821,-0.2032343,-0.05805994,8.139057
L,-0.6053436,1.191174,-0.06931528,-0.001707219,-0.003691515,0.002241924,0.0002428252,0.03476723,-0.1665062,8.167023
L,-0.6054447,1.190969,-0.06919247,-0.007150567,-0.01449508,0.008687348,-0.3850353,-0.7641901,0.4559172,8.18116
L,-0.6055084,1.190846,-0.06911609,-0.002312094,-0.004477251,0.00276911,0.1754082,0.3631742,-0.2145527,8.208744
L,-0.6057709,1.190631,-0.06893435,-0.01816659,-0.01484519,0.01258004,-1.097481,-0.7176905,0.6791331,8.22319
L,-0.6058329,1.19057,-0.06889011,-0.002315474,-0.002270946,0.001652559,0.5920882,0.469687,-0.4081754,8.249962
L,-0.6059019,1.190315,-0.0686018,-0.00495041,-0.01831395,0.02067801,-0.1889829,-1.150637,1.364544,8.263905
L,-0.6059422,1.189887,-0.06807055,-0.001442931,-0.0152989,0.01899681,0.1254215,0.1078131,-0.06011674,8.29187
L,-0.6062186,1.189577,-0.0678787,-0.01981332,-0.02222374,0.01375575,-1.317201,-0.4965277,-0.3757969,8.305817
L,-0.6063547,1.189429,-0.06779053,-0.004886021,-0.005322426,0.003164469,0.5357478,0.6065962,-0.380126,8.333679
L,-0.6064669,1.189302,-0.06794343,-0.007763002,-0.008777719,-0.01058132,-0.199098,-0.2391194,-0.9512607,8.348129
L,-0.6065462,1.189143,-0.06800885,-0.002933962,-0.005885571,-0.00242107,0.1787242,0.1070393,0.3020132,8.375149
L,-0.6067605,1.188948,-0.06775259,-0.01633358,-0.01484375,0.01952784,-1.021113,-0.6826549,1.672609,8.388271
L,-0.6068882,1.188836,-0.06758916,-0.004457451,-0.00392705,0.005703114,0.4144376,0.3809568,-0.4824374,8.416927
L,-0.6070272,1.188574,-0.06741367,-0.01015102,-0.01915238,0.01282215,-0.4159799,-1.112383,0.5201258,8.430614
L,-0.6071057,1.18842,-0.06730754,-0.002795785,-0.00547278,0.003776855,0.261761,0.4868349,-0.3219072,8.458714
L,-0.6071544,1.188445,-0.06722369,-0.00350371,0.001829143,0.00604025,-0.05099706,0.5260113,0.163049,8.472595
L,-0.6071775,1.188471,-0.06717598,-0.0008292299,0.0009061688,0.001710821,0.09589644,-0.03309425,-0.1552365,8.500484
L,-0.6073992,1.188204,-0.06720956,-0.01558728,-0.01877682,-0.002361248,-1.03775,-1.384061,-0.2863382,8.514706
L,-0.6076483,1.188013,-0.06702892,-0.008583788,-0.006556461,0.006224736,0.2413465,0.4211246,0.2958806,8.543724
L,-0.6079895,1.18793,-0.06642309,-0.02466992,-0.006015582,0.04379934,-1.162957,0.0391032,2.71648,8.557556
L,-0.6082274,1.187879,-0.06598824,-0.008828733,-0.001884289,0.01613478,0.5877809,0.15329,-1.026483,8.584507
L,-0.6084549,1.187836,-0.0655668,-0.01638049,-0.003133585,0.03035124,-0.5438596,-0.08997131,1.023835,8.598392
L,-0.6086653,1.187235,-0.065132,-0.007842492,-0.02240776,0.01620652,0.3182406,-0.7184144,-0.5272221,8.625221
L,-0.6082841,1.186477,-0.06338015,0.02549027,-0.05066167,0.1171521,2.229078,-1.889437,6.750583,8.640175
L,-0.6080436,1.18606,-0.06236058,0.009319122,-0.01614914,0.03949688,-0.6264476,1.336966,-3.008254,8.665989
L,-0.6080491,1.185975,-0.06172737,-0.0003661187,-0.005621693,0.04182192,-0.6396895,0.6953157,0.1535641,8.681129
L,-0.6079944,1.185881,-0.06080291,0.002075637,-0.003571816,0.03510674,0.0927266,0.07784483,-0.2550117,8.707462
L,-0.6075327,1.185382,-0.06046737,0.03300978,-0.03568994,0.02398717,2.211399,-2.296039,-0.7949083,8.721451
L,-0.6072391,1.185079,-0.06026809,0.01012541,-0.01046053,0.006873458,-0.7893422,0.8702288,-0.5902968,8.750443
L,-0.6070259,1.184959,-0.06013199,0.00773896,-0.004325858,0.004938778,-0.08659934,0.2226144,-0.07020552,8.778
L,-0.6068236,1.184906,-0.06020819,0.01377745,-0.003654496,-0.00519116,0.4113705,0.04573639,-0.6900995,8.792679
L,-0.6067042,1.184879,-0.06026314,0.004582541,-0.001019867,-0.002107906,-0.3527572,0.101076,0.1182872,8.818745
L,-0.6065378,1.184916,-0.06017519,0.01189563,0.002634002,0.006289052,0.5229357,0.2612765,0.6004397,8.832729
L,-0.6064385,1.184943,-0.06012442,0.003679457,0.001002084,0.001879873,-0.3042549,-0.06043191,-0.1632773,8.859734
L,-0.6064649,1.185344,-0.06027271,-0.001728326,0.02621294,-0.009684123,-0.3531684,1.646456,-0.7552148,8.875046
L,-0.6064857,1.185594,-0.06036801,-0.0008054837,0.009679653,-0.00369031,0.03573376,-0.6401924,0.232089,8.900871
L,-0.6063964,1.186002,-0.06023547,0.005912162,0.02701124,0.008775989,0.4448069,1.147606,0.8254522,8.915974
L,-0.606335,1.186158,-0.06010331,0.002336724,0.005933602,0.0050256,-0.1359559,-0.8014761,-0.1426083,8.942272
L,-0.6067209,1.187189,-0.06013714,-0.02517966,0.06727538,-0.002207109,-1.795235,4.002086,-0.4718794,8.9576
L,-0.6070311,1.187973,-0.06017599,-0.01164268,0.0294244,-0.001458412,0.5081096,-1.420734,0.02810231,8.984241
L,-0.6077582,1.191491,-0.05893505,-0.04766426,0.2306045,0.081347,-2.3613,13.18784,5.428092,8.999496
L,-0.6081587,1.193389,-0.05827799,-0.01507313,0.07143306,0.02472967,1.226643,-5.990789,-2.130925,9.026066
L,-0.6084169,1.195122,-0.05740964,-0.01749031,0.1173934,0.0588201,-0.1637335,3.113238,2.309199,9.040829
L,-0.6085561,1.195981,-0.05699101,-0.004975368,0.03070452,0.01496552,0.4473909,-3.099001,-1.567737,9.068802
L,-0.6066815,1.200446,-0.05376231,0.1262971,0.3007983,0.2175237,8.84407,18.19673,13.64673,9.083645
L,-0.6050701,1.202758,-0.05122091,0.06268085,0.08992895,0.09885917,-2.474641,-8.202722,-4.615996,9.109352
L,-0.5995542,1.20907,-0.04736272,0.354057,0.4051711,0.2476497,18.70287,20.23478,9.550574,9.124931
L,-0.5971933,1.211906,-0.04562073,0.09094646,0.1092533,0.06710541,-10.13561,-11.39942,-6.954975,9.15089
L,-0.5851302,1.219767,-0.03624486,0.8348114,0.5440124,0.6488456,51.47828,30.08698,40.25863,9.16534
L,-0.579743,1.22347,-0.03204977,0.2015462,0.1385311,0.1569457,-23.69155,-15.16976,-18.40283,9.19207
L,-0.560822,1.230853,-0.02650142,1.250323,0.4878608,0.366641,69.3044,23.08411,13.85691,9.207203
L,-0.5518277,1.2346,-0.02355208,0.346376,0.1443275,0.1135819,-34.81185,-13.22979,-9.745543,9.23317
L,-0.5288464,1.246924,-0.01630921,1.605656,0.8610158,0.5060437,87.98314,50.07344,27.42044,9.247482
L,-0.5131899,1.252345,-0.0136104,0.5694832,0.1971781,0.09816527,-37.68926,-24.14612,-14.83598,9.274975
L,-0.5014746,1.265172,-0.004994032,0.8251192,0.9034457,0.6068588,18.00468,49.7431,35.82777,9.289173
L,-0.4989787,1.274831,0.001790734,0.09044529,0.3500181,0.2458648,-26.62294,-20.05498,-13.08162,9.316769
L,-0.4855626,1.285265,0.01367564,0.9165852,0.7128209,0.811977,56.44191,24.7867,38.67682,9.331406
L,-0.4776559,1.291188,0.01976479,0.2918889,0.2186532,0.2247903,-23.0616,-18.24294,-21.67687,9.358494
L,-0.4584131,1.306243,0.02863348,1.341948,1.049947,0.6184821,73.2287,57.9725,27.45516,9.372833
L,-0.4477616,1.314331,0.03370928,0.3879698,0.2945802,0.1848812,-34.74776,-27.51352,-15.79351,9.400288
L,-0.4205506,1.324311,0.04117227,1.781519,0.6534091,0.4886061,91.23642,23.49271,19.88503,9.415562
L,-0.4050409,1.329616,0.04550942,0.5946733,0.2034107,0.1662946,-45.506,-17.25382,-12.35806,9.441643
L,-0.3806231,1.341648,0.0529664,1.640015,0.8081123,0.5008462,70.21008,40.61463,22.47008,9.456532
L,-0.3639869,1.350241,0.05740056,0.6283974,0.3245812,0.1674913,-38.21173,-18.26438,-12.59178,9.483006
L,-0.3402146,1.369393,0.06452589,1.686088,1.358386,0.5053743,75.0182,73.32404,23.96482,9.497105
L,-0.3258491,1.379801,0.06885217,0.5232475,0.3790946,0.1575806,-42.35537,-35.66977,-12.66806,9.524559
L,-0.3123381,1.382799,0.07517622,0.9500633,0.2108369,0.4446922,30.01266,-11.83148,20.189,9.53878
L,-0.3026671,1.38651,0.07913289,0.3505503,0.1344934,0.1434205,-21.73102,-2.767284,-10.92043,9.566368
L,-0.2859793,1.395775,0.08889436,1.183606,0.6571801,0.6923458,59.08567,37.07229,38.9333,9.580467
L,-0.2716025,1.396107,0.09056333,0.5196928,0.01199238,0.0603298,-23.99903,-23.32213,-22.846,9.608131
L,-0.244642,1.396658,0.0927849,1.691196,0.03457017,0.1393566,73.48708,1.41628,4.957261,9.624073
L,-0.2244964,1.39686,0.09379243,0.7931905,0.007955655,0.03966915,-35.35698,-1.047888,-3.924971,9.649471
L,-0.196409,1.398025,0.09478831,1.960839,0.0813249,0.06952397,81.51583,5.122052,2.084224,9.663795
L,-0.1792054,1.399565,0.09611037,0.6281967,0.05621866,0.04827584,-48.66195,-0.9167642,-0.7758836,9.691181
L,-0.1525197,1.397508,0.09530467,1.748432,-0.1347241,-0.05278954,73.39739,-12.5105,-6.621766,9.706444
L,-0.1358563,1.397575,0.09573114,0.634177,0.002531577,0.01623067,-42.4064,5.223687,2.626776,9.732719
L,-0.1130446,1.392255,0.08909258,1.47982,-0.3450956,-0.4306503,54.85778,-22.55095,-28.98965,9.748135
L,-0.09910402,1.389076,0.08623256,0.5215421,-0.1189302,-0.1069985,-35.85084,8.461239,12.10837,9.774864
L,-0.08381465,1.389109,0.08466665,1.009067,0.002132112,-0.103347,32.17569,7.989867,0.2409921,9.790016
L,-0.07748229,1.390965,0.08483876,0.2397098,0.07029332,0.0065154,-29.12383,2.580224,4.15881,9.816433
L,-0.06710769,1.389154,0.07937013,0.7071344,-0.1234968,-0.3727427,31.85974,-13.20877,-25.85029,9.831104
L,-0.05884816,1.38854,0.07725935,0.306814,-0.02278766,-0.07840841,-14.87057,3.741009,10.93354,9.858025
L,-0.0580181,1.390835,0.07621535,0.03036078,0.08394377,-0.03818609,-10.1117,3.903866,1.471193,9.885365
R,0.05472712,1.324878,0.1329769,-0.00429376,0.01264313,0.008430705,0.1033124,-0.1998018,-0.106224,-0.02777481
R,0.05465044,1.32491,0.1329008,-0.00276069,0.001150254,-0.002742047,0.0551964,-0.4137877,-0.4022621,0
R,0.05439315,1.324935,0.1326102,-0.01699401,0.001598325,-0.01919367,-0.9400804,0.0295941,-1.086595,0.01514053
R,0.05423415,1.324945,0.1324335,-0.005995212,0.0003775892,-0.006661752,0.4147394,-0.04603113,0.4725501,0.04166031
R,0.0536447,1.324739,0.1319694,-0.03924878,-0.01371603,-0.03090075,-2.21418,-0.9384193,-1.613947,0.05667877
R,0.05355132,1.324639,0.1317378,-0.00630377,-0.006695854,-0.01563908,2.224141,0.4739367,1.030326,0.07149124
R,0.05346702,1.324542,0.1315129,-0.00330783,-0.003821471,-0.008823412,0.1175524,0.1127828,0.2674281,0.09697723
R,0.05372155,1.324575,0.1312134,0.008978961,0.001152268,-0.01056491,0.4334421,0.175459,-0.0614348,0.1253242
R,0.05460322,1.32493,0.1305639,0.03156139,0.01271251,-0.02325187,0.808391,0.4138262,-0.4541597,0.1532593
R,0.05555936,1.325544,0.1285517,0.03470116,0.02228125,-0.07302735,0.1139517,0.3472778,-1.806499,0.1808128
R,0.05657072,1.326435,0.1267618,0.07105925,0.06259213,-0.1257632,2.554558,2.832285,-3.705279,0.1950455
R,0.05711873,1.327045,0.1260122,0.03932582,0.04379962,-0.05378927,-2.277232,-1.348575,5.164945,0.2089806
R,0.05709444,1.327025,0.1260444,-0.001693851,-0.001413275,0.002247731,-2.860618,-3.153043,3.907891,0.22332
R,0.05775054,1.327176,0.1245828,0.04716044,0.01084796,-0.1050601,3.511615,0.8813294,-7.71322,0.2372322
R,0.058592,1.327377,0.1227214,0.05910558,0.01415126,-0.1307505,0.8390532,0.2320313,-1.80455,0.2514687
R,0.05930668,1.326776,0.1206718,0.02704266,-0.02275639,-0.07755214,-1.213207,-1.396524,2.012938,0.2778969
R,0.06111559,1.3262,0.1173956,0.1172873,-0.0372944,-0.2124254,5.851367,-0.9426299,-8.745046,0.2933197
R,0.06236648,1.326145,0.1158775,0.04771741,-0.002100917,-0.05791277,-2.653859,1.342515,5.894145,0.3195343
R,0.0638699,1.325322,0.1139631,0.1045393,-0.05723641,-0.1331109,3.951068,-3.833803,-5.228844,0.3339157
R,0.06465646,1.32492,0.1129513,0.0556522,-0.0284666,-0.07159402,-3.458966,2.035582,4.352573,0.3480492
R,0.06535599,1.324573,0.1120277,0.04945494,-0.02449939,-0.06529327,-0.4381271,0.280469,0.4454437,0.3621941
R,0.06656945,1.323396,0.1100663,0.08430998,-0.08180659,-0.1362793,2.421691,-3.981642,-4.93203,0.3765869
R,0.06777707,1.322273,0.1081276,0.04678148,-0.04349693,-0.07510252,-1.453801,1.484062,2.3699,0.402401
R,0.06879523,1.318797,0.1018854,0.06930779,-0.2366512,-0.424914,1.533403,-13.14833,-23.81225,0.4170914
R,0.06936677,1.317286,0.09913054,0.04105898,-0.10854,-0.1979095,-2.029393,9.203502,16.30799,0.4310112
R,0.07048097,1.315657,0.09684484,0.07735223,-0.1130744,-0.1586821,2.519613,-0.3147909,2.723315,0.4454155
R,0.07146411,1.314247,0.09477586,0.03681226,-0.05281388,-0.07747024,-1.51797,2.256381,3.04088,0.4721222
R,0.07132348,1.31087,0.08993754,-0.009450201,-0.2268809,-0.3251315,-3.1088,-11.69716,-16.64263,0.4870033
R,0.07143217,1.311021,0.0897254,0.007610093,0.01053352,-0.01485293,1.194512,16.62307,21.7248,0.5012856
R,0.07150283,1.311124,0.08965301,0.002676693,0.003910201,-0.002742164,-0.1868605,-0.2508689,0.4587148,0.5276871
R,0.07261483,1.311494,0.08783852,0.07794222,0.0259609,-0.1271808,5.27551,1.545577,-8.722151,0.541954
R,0.07349608,1.311632,0.08630073,0.06145615,0.009601955,-0.1072421,-1.149701,-1.140835,1.39048,0.5562935
R,0.07370673,1.311291,0.08435064,0.01532631,-0.02480572,-0.1418832,-3.356275,-2.503404,-2.520386,0.5700378
R,0.07395865,1.310888,0.08233579,0.01717084,-0.02745547,-0.1373327,0.1257235,-0.1806078,0.3101599,0.5847092
R,0.07424147,1.310452,0.08034571,0.01988698,-0.03069675,-0.1399376,0.1909925,-0.227919,-0.1831715,0.5989304
R,0.07511369,1.310792,0.07905266,0.03357539,0.01309196,-0.04977429,0.5269213,1.685602,3.470746,0.6249084
R,0.07860157,1.308871,0.07170434,0.2289249,-0.1260641,-0.4823031,12.82166,-9.133431,-28.38879,0.6401443
R,0.08025721,1.307907,0.06826089,0.1149411,-0.06693591,-0.2390571,-7.913183,4.104899,16.88704,0.6545486
R,0.08146422,1.309991,0.06824854,0.04638056,0.08009931,-0.0004746821,-2.634526,5.650015,9.167833,0.6805725
R,0.0833186,1.313993,0.06771738,0.1250296,0.2697643,-0.03581282,5.302825,12.78795,-2.382634,0.6954041
R,0.08415498,1.316367,0.06720054,0.05865488,0.1664911,-0.03624567,-4.654827,-7.242498,-0.03035599,0.7096634
R,0.08491151,1.318159,0.06656357,0.05306939,0.1257359,-0.0446825,-0.3918124,-2.858908,-0.5918288,0.7239189
R,0.08522989,1.319608,0.0667828,0.02309378,0.1051207,0.01590224,-2.174301,-1.495336,4.394557,0.7377052
R,0.08558363,1.320861,0.06681302,0.0137361,0.04865946,0.001173437,-0.3633625,-2.192413,-0.5719253,0.7634583
R,0.08630019,1.323076,0.06729007,0.04828838,0.1492609,0.03214774,2.32845,6.779452,2.087333,0.7782974
R,0.08676422,1.32428,0.06736881,0.03315362,0.08598222,0.005626214,-1.081354,-4.521159,-1.894919,0.7922935
R,0.08700538,1.324696,0.06761303,0.01714227,0.0296231,0.01735887,-1.138091,-4.006021,0.8339606,0.8063622
R,0.08724202,1.325079,0.06776915,0.01635465,0.02644674,0.01079033,-0.05443441,-0.2195263,-0.4539689,0.8208313
R,0.08787882,1.326612,0.06848007,0.04530084,0.1090231,0.05057348,2.059178,5.874325,2.830099,0.8348885
R,0.08861987,1.328322,0.06916849,0.05233291,0.1208075,0.04861661,0.4966097,0.8322259,-0.138196,0.8490486
R,0.08936136,1.329971,0.06973954,0.02839721,0.06313459,0.02186958,-0.9166692,-2.208709,-1.024335,0.8751602
R,0.09061921,1.332952,0.07117681,0.08224951,0.1949676,0.09398142,3.521341,8.620411,4.715312,0.8904533
R,0.09148591,1.334672,0.07175247,0.03324542,0.06597527,0.0220814,-1.879738,-4.947989,-2.757998,0.916523
R,0.09296748,1.338399,0.07349683,0.1069047,0.2688808,0.1258666,5.314984,14.64092,7.488762,0.9303818
R,0.09384558,1.341056,0.07492098,0.06273901,0.1898337,0.1017536,-3.155566,-5.647779,-1.722835,0.9443779
R,0.09459644,1.343208,0.07600691,0.05413422,0.1551929,0.07829206,-0.620378,-2.497497,-1.691503,0.9582481
R,0.09447925,1.346405,0.07599637,-0.008203125,0.223765,-0.0007379631,-4.363514,4.799941,-5.531975,0.9725342
R,0.09448034,1.349326,0.07604489,7.263076E-05,0.1936978,0.003217987,0.5488084,-1.993912,0.2623396,0.9876137
R,0.09457199,1.351945,0.07614169,0.006449769,0.1843121,0.006811556,0.4487862,-0.6605149,0.2528947,1.001823
R,0.09490784,1.353867,0.07578708,0.01275402,0.07299363,-0.01346618,0.2394064,-4.22736,-0.7700545,1.028156
R,0.09519335,1.360572,0.07447927,0.01965951,0.4617153,-0.09005409,0.4755009,26.76676,-5.273723,1.042679
R,0.09541866,1.364065,0.07397109,0.01598497,0.2477673,-0.03605326,-0.2606925,-15.17867,3.831122,1.056774
R,0.09517627,1.366942,0.07397426,-0.01746112,0.2072685,0.0002286428,-2.409368,-2.917426,2.613653,1.070656
R,0.09503687,1.369626,0.07397822,-0.00954623,0.1838019,0.0002709272,0.5420169,-1.607005,0.002895663,1.085258
R,0.09496968,1.372199,0.07397959,-0.002586385,0.09905929,5.277166E-05,0.2679121,-3.262081,-0.008397675,1.111237
R,0.09496634,1.375923,0.07348837,-0.0002268015,0.2530456,-0.03337727,0.1603294,10.46309,-2.27151,1.125954
R,0.09512589,1.377954,0.07333753,0.01103541,0.1404189,-0.0104335,0.7789768,-7.790086,1.586959,1.140411
R,0.09447611,1.380796,0.07255863,-0.04511015,0.1973318,-0.05407353,-3.897834,3.95111,-3.029653,1.154816
R,0.09390515,1.383734,0.0718401,-0.02186296,0.1124836,-0.02751379,0.8901711,-3.248972,1.017014,1.180931
R,0.09281726,1.388913,0.07101332,-0.07502857,0.357184,-0.05702036,-3.666678,16.87628,-2.034983,1.195431
R,0.09219426,1.391721,0.07077231,-0.04260799,0.1920901,-0.0164836,2.217287,-11.29099,2.772363,1.210052
R,0.09199083,1.393919,0.07144456,-0.007751181,0.0837391,0.02561461,1.328125,-4.128424,1.60404,1.236298
R,0.09161346,1.398186,0.07240861,-0.02614957,0.2956731,0.06680379,-1.274921,14.68602,2.854215,1.250729
R,0.09139695,1.400759,0.0728433,-0.01483477,0.1762693,0.02978337,0.7752505,-8.181126,-2.536509,1.265324
R,0.09014451,1.40249,0.07208177,-0.04743142,0.06556992,-0.02884006,-1.234473,-4.19231,-2.220136,1.291729
R,0.08657842,1.404525,0.06931086,-0.2352361,0.1342476,-0.1827823,-12.38849,4.530308,-10.15477,1.306889
R,0.08548252,1.404667,0.06796522,-0.0723453,0.009372639,-0.08883153,10.75317,-8.243572,6.202125,1.322037
R,0.08462755,1.4049,0.06690089,-0.03373374,0.009209437,-0.04199395,1.523448,-0.006439264,1.848012,1.347382
R,0.08459339,1.404823,0.06673714,-0.002343035,-0.005330978,-0.01123175,2.153031,-0.9973005,2.109923,1.361961
R,0.08455668,1.404862,0.06664648,-0.002606459,0.002759345,-0.00643706,-0.01870399,0.5744392,0.3404383,1.376045
R,0.08451261,1.405025,0.0665098,-0.003144457,0.01169536,-0.009752335,-0.03838674,0.6375946,-0.2365486,1.39006
R,0.08445311,1.405245,0.06635095,-0.004058719,0.0149704,-0.01083545,-0.06236489,0.2234016,-0.07388274,1.40472
R,0.0843452,1.40564,0.0660919,-0.004166609,0.01525906,-0.01000268,-0.00416598,0.011146,0.03215565,1.430618
R,0.08793072,1.406878,0.06585611,0.2342193,0.08087777,-0.01540258,15.57225,4.286457,-0.3527413,1.445927
R,0.09158156,1.407898,0.06557628,0.1348333,0.03764705,-0.01033494,-3.670531,-1.596601,0.1871584,1.473003
R,0.09896062,1.409719,0.06574125,0.4965028,0.1225616,0.01110013,24.33508,5.713511,1.442268,1.487865
R,0.1037564,1.410746,0.06610371,0.1796747,0.03847631,0.01357976,-11.87003,-3.150272,0.09289996,1.514557
R,0.1139872,1.413428,0.06700811,0.7301763,0.1914392,0.06454725,39.2896,10.91704,3.637577,1.528568
R,0.1185324,1.414641,0.06734944,0.3164664,0.08440405,0.02376587,-28.80519,-7.45249,-2.839467,1.542931
R,0.1258041,1.414736,0.06841164,0.5222566,0.006849315,0.07628746,14.7799,-5.570002,3.772115,1.556854
R,0.1319289,1.415011,0.06923955,0.4403713,0.01974767,0.05952585,-5.887473,0.9273796,-1.205144,1.570763
R,0.137282,1.415405,0.06991498,0.3691843,0.02717213,0.04658262,-4.909561,0.5120434,-0.8926573,1.585262
R,0.1458021,1.415854,0.06881091,0.3237414,0.01705863,-0.04195185,-1.726711,-0.3842864,-3.364079,1.61158
R,0.1636374,1.417367,0.06787343,1.163617,0.0987276,-0.06116373,54.79552,5.32828,-1.253429,1.626907
R,0.1728194,1.418183,0.06759375,0.3497558,0.03110015,-0.01065336,-31.001,-2.576014,1.924003,1.65316
R,0.1859087,1.419298,0.06523179,0.9223832,0.07857023,-0.1664446,40.35238,3.34516,-10.97842,1.667351
R,0.1934096,1.419971,0.06433124,0.4959184,0.04444357,-0.05953903,-28.19551,-2.256267,7.068007,1.682476
R,0.1974705,1.418206,0.06161074,0.1553425,-0.06750693,-0.104066,-13.02786,-4.28238,-1.703264,1.708618
R,0.2059611,1.416953,0.06088666,0.56036,-0.08270393,-0.04778739,26.73034,-1.002971,3.714272,1.72377
R,0.2115686,1.41659,0.06044421,0.3873446,-0.02506588,-0.03056267,-11.95124,3.981415,1.189817,1.738247
R,0.2168861,1.416391,0.06001515,0.1993053,-0.007452817,-0.016082,-7.04795,0.6601599,0.5427539,1.764927
R,0.2259827,1.415408,0.05595588,0.3306463,-0.03571305,-0.1475475,4.774023,-1.027212,-4.778547,1.792439
R,0.2359577,1.413922,0.05226735,0.3569822,-0.05317833,-0.1320035,0.9424978,-0.6250401,0.5562804,1.820381
R,0.2445476,1.413164,0.04991436,0.5823091,-0.05143684,-0.1595095,15.27491,0.1180557,-1.864631,1.835133
R,0.2497724,1.412788,0.04865842,0.194358,-0.01395984,-0.04672021,-14.43154,1.394121,4.195691,1.862015
R,0.2620862,1.40746,0.04206305,0.7656509,-0.3312826,-0.4100893,35.52206,-19.73061,-22.5937,1.878098
R,0.2678789,1.409958,0.03939789,0.2264087,0.09760325,-0.1041679,-21.07635,16.76306,11.95698,1.903683
R,0.2785688,1.41171,0.03660322,0.6681681,0.1095315,-0.1746794,27.61196,0.745568,-4.407287,1.919682
R,0.2856086,1.41163,0.03562851,0.2727954,-0.003104213,-0.03777023,-15.32071,-4.364637,5.305236,1.945488
R,0.2962946,1.408929,0.03268889,0.3827901,-0.09676909,-0.1053026,3.940208,-3.355246,-2.419132,1.973404
R,0.3075256,1.407096,0.02945293,0.7219551,-0.1178274,-0.2080151,21.80237,-1.353678,-6.602616,1.98896
R,0.3138016,1.406298,0.02764145,0.2391329,-0.03039153,-0.06902175,-18.39665,3.331508,5.29597,2.015205
R,0.3250883,1.403117,0.02332922,0.4144455,-0.1167968,-0.158345,6.437478,-3.172801,-3.279948,2.042439
R,0.3361608,1.39969,0.01932614,0.7133414,-0.2207699,-0.257897,19.25627,-6.698429,-6.413606,2.057961
R,0.3420137,1.397689,0.01724963,0.2198785,-0.07518271,-0.0780087,-18.53802,5.469303,6.757901,2.084579
R,0.3506071,1.389483,0.01138193,0.5486388,-0.5239132,-0.3746184,20.98941,-28.64881,-18.93679,2.100243
R,0.3560613,1.386009,0.008539466,0.208513,-0.1328159,-0.1086677,-13.00306,14.9517,10.16733,2.1264
R,0.3669117,1.379461,0.006635711,0.3949413,-0.2383322,-0.06929438,6.785763,-3.840665,1.433141,2.153873
R,0.3797302,1.374858,0.004093972,0.8438717,-0.3030512,-0.1673284,29.55409,-4.260598,-6.453799,2.169064
R,0.3866448,1.37241,0.002493585,0.2601356,-0.0920996,-0.06020835,-21.96081,7.936237,4.029976,2.195644
R,0.3995369,1.366074,-0.001755283,0.4641013,-0.2280881,-0.1529546,7.342542,-4.895437,-3.338763,2.223423
R,0.4157931,1.362808,-0.003432484,1.04371,-0.2096498,-0.1076826,37.21308,1.18381,2.906631,2.238998
R,0.4243514,1.360835,-0.004613746,0.3347508,-0.07716913,-0.04620421,-27.73045,5.181887,2.404685,2.264565
R,0.4392607,1.355043,-0.008369611,0.9688585,-0.3764099,-0.2440698,41.20662,-19.44576,-12.85802,2.279953
R,0.4431535,1.350348,-0.01381272,0.1470004,-0.1773084,-0.205543,-31.03503,7.518476,1.454847,2.306435
R,0.4500221,1.343077,-0.02089563,0.4446931,-0.4707026,-0.4585681,19.27349,-18.99519,-16.38158,2.32188
R,0.4545575,1.339458,-0.0239098,0.1712426,-0.1366439,-0.1138046,-10.32456,12.61292,13.01709,2.348366
R,0.4646459,1.32369,-0.02871147,0.6520221,-1.019107,-0.3103378,31.07333,-57.03465,-12.70216,2.363838
R,0.4708193,1.317011,-0.03133854,0.2347104,-0.2539249,-0.0998794,-15.86595,29.09181,8.001508,2.390141
R,0.479827,1.310365,-0.03684838,0.5839052,-0.4308157,-0.3571647,22.63583,-11.46658,-16.67799,2.405567
R,0.4854873,1.306352,-0.03974997,0.2190141,-0.1552675,-0.1122705,-14.11867,10.66174,9.475651,2.431412
R,0.4975492,1.295004,-0.04989815,0.7669078,-0.7215468,-0.6452305,34.83557,-36.00454,-33.88607,2.44714
R,0.5041136,1.293159,-0.05201341,0.2513213,-0.07062399,-0.0809848,-19.73973,24.92121,21.60269,2.473259
R,0.5124062,1.283618,-0.05556646,0.5363619,-0.61712,-0.2298076,18.43615,-35.34682,-9.62571,2.48872
R,0.5163621,1.2767,-0.05755518,0.1504011,-0.2630212,-0.07561001,-14.67401,13.46264,5.862504,2.515022
R,0.5289375,1.266836,-0.06045736,0.8498445,-0.6666022,-0.1961302,47.2686,-27.27413,-8.144791,2.529819
R,0.5360308,1.261611,-0.0624487,0.2646199,-0.1949356,-0.07428754,-21.83195,17.59564,4.545371,2.556625
R,0.5347983,1.249949,-0.07025892,-0.08114249,-0.7677047,-0.5141643,-22.76232,-37.70667,-28.95808,2.571815
R,0.5362415,1.244064,-0.07395061,0.0543653,-0.2216779,-0.1390651,5.104549,20.56871,14.12991,2.598362
R,0.5399246,1.234151,-0.07803232,0.2401183,-0.64631,-0.266102,12.10993,-27.68335,-8.28201,2.613701
R,0.545163,1.227756,-0.0789565,0.2015563,-0.2460553,-0.0355596,-1.48375,15.40061,8.870586,2.63969
R,0.5535085,1.21658,-0.07939813,0.553997,-0.7418888,-0.02931616,23.39585,-32.9146,0.4144542,2.654755
R,0.5580971,1.210728,-0.07925659,0.3157111,-0.4026083,0.009737943,-16.39507,23.34392,2.687087,2.669289
R,0.5621171,1.205232,-0.07969302,0.1533733,-0.2096993,-0.0166506,-6.193549,7.35991,-1.006782,2.695499
R,0.5629891,1.194287,-0.08110721,0.05656861,-0.7100192,-0.09173984,-6.279826,-32.45629,-4.87112,2.710915
R,0.5646951,1.188449,-0.08217897,0.06536146,-0.2236645,-0.04106358,0.3368889,18.63416,1.941607,2.737015
R,0.5655476,1.18356,-0.08204854,0.05577739,-0.3198465,0.008532919,-0.6270046,-6.292373,3.244678,2.7523
R,0.565469,1.181517,-0.08226576,-0.002973078,-0.07726396,-0.008214283,-2.221737,9.173624,-0.6333206,2.778744
R,0.5670907,1.178007,-0.08275669,0.1086958,-0.2352579,-0.03290598,7.484872,-10.58992,-1.65502,2.793663
R,0.568887,1.176385,-0.08301263,0.06665119,-0.06019993,-0.009496639,-1.56005,6.495457,0.8685944,2.820614
R,0.5726408,1.174251,-0.08303623,0.2590279,-0.1472345,-0.001628204,13.27465,-6.005681,0.5429489,2.835106
R,0.5751292,1.172274,-0.08322291,0.1701833,-0.1352074,-0.01276741,-6.076201,0.8225464,-0.7618255,2.849728
R,0.5746691,1.171767,-0.08346651,-0.0175177,-0.01931282,-0.009275145,-7.14665,4.412647,0.132967,2.875992
R,0.5742524,1.171248,-0.08364555,-0.02936828,-0.03656754,-0.01261656,-0.8350962,-1.21592,-0.2354654,2.890182
R,0.5741379,1.171362,-0.08355976,-0.007594937,0.007587025,0.00569373,1.445,2.930343,1.215173,2.905251
R,0.5740789,1.1714,-0.08348849,-0.00402099,0.002566935,0.004856666,0.2435374,-0.3420812,-0.05703961,2.919926
R,0.574116,1.171632,-0.08345304,0.0005473194,0.003422946,0.0005233411,0.06744128,0.01263716,-0.06397224,2.987663
R,0.5738416,1.173446,-0.08262612,-0.01972083,0.1303897,0.0594383,-1.456862,9.126288,4.234769,3.001575
R,0.5732626,1.176281,-0.08140102,-0.02249278,0.1101345,0.04759223,-0.1076835,-0.786868,-0.4601922,3.027317
R,0.5721108,1.179743,-0.07997996,-0.04037886,0.121356,0.04981592,-0.6270032,0.3933737,0.07795236,3.055843
R,0.5714862,1.181241,-0.07931539,-0.04373998,0.1049125,0.04654313,-0.2353988,-1.151632,-0.2292125,3.070122
R,0.5710472,1.182283,-0.07883772,-0.01640458,0.03895225,0.01785014,1.021498,-2.464873,-1.07223,3.096882
R,0.5712145,1.182874,-0.077879,0.006036589,0.02132814,0.03460309,0.8099708,-0.6361083,0.6046655,3.124588
R,0.5714653,1.183225,-0.07725737,0.009237145,0.01292059,0.02289365,0.1178711,-0.3096359,-0.431239,3.151741
R,0.5717904,1.183825,-0.07671921,0.01170426,0.02162306,0.01937593,0.08882578,0.3133225,-0.1266515,3.179516
R,0.5725231,1.184303,-0.07584827,0.02640612,0.01723175,0.03138747,0.5298327,-0.1582562,0.4328778,3.207264
R,0.5731221,1.184162,-0.07519135,0.02200242,-0.005201765,0.02412877,-0.1617492,-0.8239893,-0.2666142,3.234489
R,0.5737759,1.184089,-0.0744719,0.02360537,-0.00261708,0.02597791,0.05787949,0.09332779,0.06676862,3.262184
R,0.5746948,1.183332,-0.07365571,0.03262121,-0.02687822,0.02897603,0.3200768,-0.8613098,0.1064381,3.290352
R,0.5751907,1.182136,-0.0729886,0.01817638,-0.04383213,0.02444833,-0.5293759,-0.6213292,-0.1659316,3.317638
R,0.5753006,1.181957,-0.07107454,0.003935596,-0.006419888,0.06853706,-0.5099215,1.339625,1.578691,3.345566
R,0.5752351,1.182125,-0.06978724,-0.002375933,0.006108308,0.04664875,-0.2287157,0.4539938,-0.7931834,3.373161
R,0.5731055,1.186185,-0.07019999,-0.07690454,0.1465853,-0.01490553,-2.691449,5.073039,-2.222907,3.400852
R,0.5676097,1.195127,-0.07151564,-0.1974919,0.3213545,-0.04727767,-4.333275,6.28029,-1.163285,3.42868
R,0.5625604,1.202662,-0.07322869,-0.1778848,0.2654339,-0.06035028,0.6907511,-1.970066,-0.4605435,3.457066
R,0.5586534,1.208875,-0.0749443,-0.1431651,0.2276698,-0.06286502,1.272233,-1.383789,-0.09214769,3.484356
R,0.5521148,1.219754,-0.07500158,-0.2353146,0.3915217,-0.002061185,-3.316369,5.896866,2.18827,3.512142
R,0.5445964,1.230693,-0.07375811,-0.2706545,0.3937921,0.04476336,-1.2722,0.08173192,1.685632,3.539921
R,0.5345325,1.242766,-0.07037145,-0.3626396,0.4350472,0.1220334,-3.314548,1.48657,2.784313,3.567673
R,0.5213544,1.253967,-0.06339011,-0.4748518,0.4036126,0.2515625,-4.043403,-1.132703,4.667393,3.595425
R,0.5075278,1.265566,-0.05673492,-0.4951609,0.4153859,0.2383358,-0.7273107,0.4216284,-0.4736744,3.623348
R,0.4955079,1.277319,-0.05316687,-0.4277087,0.4182079,0.1269636,2.400192,0.1004151,-3.963019,3.651451
R,0.4877238,1.294026,-0.04661575,-0.2833721,0.6081924,0.238486,5.254404,6.916166,4.059844,3.678921
R,0.4772798,1.307249,-0.0382798,-0.3683838,0.4664121,0.2940285,-2.99856,-5.000923,1.959113,3.707272
R,0.4640046,1.320899,-0.02969097,-0.4927118,0.5066234,0.3187754,-4.614449,1.492447,0.9184847,3.734215
R,0.4450451,1.333506,-0.02806385,-0.6683859,0.4444384,0.05736116,-6.193101,-2.192233,-9.215732,3.762581
R,0.4238883,1.345264,-0.0270738,-0.7635095,0.4243229,0.0357293,-3.43283,-0.7259301,-0.7806531,3.790291
R,0.404831,1.359546,-0.02291417,-0.688879,0.5162628,0.1503613,2.69773,3.323427,4.143696,3.817955
R,0.3845864,1.37342,-0.0213351,-1.294075,0.8868416,0.1009376,-38.6853,23.68813,-3.159255,3.833599
R,0.3739502,1.381284,-0.02138573,-0.4042654,0.2988935,-0.001924594,33.82024,-22.34697,-3.90963,3.859909
R,0.352583,1.387794,-0.02197353,-0.7815367,0.2381357,-0.02149964,-13.79927,-2.22231,-0.7159871,3.887249
R,0.3319625,1.407537,-0.02471954,-1.312982,1.257059,-0.1748477,-33.839,64.87847,-9.764218,3.902954
R,0.3217783,1.418006,-0.02536928,-0.3967482,0.4078662,-0.02531226,35.69404,-33.08231,5.825506,3.928623
R,0.3052147,1.412186,-0.02876707,-0.5866849,-0.2061461,-0.1203499,-6.727571,-21.74836,-3.36624,3.956856
R,0.2854105,1.421443,-0.03217937,-1.316987,0.6155505,-0.2269191,-48.56527,54.64303,-7.086881,3.971893
R,0.2753373,1.427133,-0.03345885,-0.3909697,0.2208737,-0.04966068,35.94164,-15.31865,6.879958,3.997658
R,0.2622422,1.433743,-0.02447523,-0.8677484,0.4379977,0.595299,-31.5937,14.3877,42.7382,4.012749
R,0.2542256,1.43839,-0.02108315,-0.2986805,0.173123,0.1263803,21.20207,-9.868575,-17.47075,4.039589
R,0.2368826,1.457471,-0.01230845,-0.6271684,0.6900477,0.3173178,-11.87904,18.69343,6.904832,4.067242
R,0.2044399,1.478262,-0.008963019,-1.144024,0.7331265,0.1179693,-18.2258,1.51908,-7.029598,4.0956
R,0.1808155,1.473729,-0.002453367,-0.8459211,-0.1622857,0.2330919,10.67421,-32.06214,4.122212,4.123528
R,0.1609173,1.470091,0.008345148,-1.32022,-0.2413867,0.7164682,-31.46912,-5.248251,32.07142,4.138599
R,0.150286,1.470292,0.01318224,-0.4051942,0.00764212,0.184358,34.87473,9.491335,-20.28053,4.164837
R,0.1279403,1.461435,0.009012638,-1.497008,-0.5933188,-0.2793344,-73.144,-40.26023,-31.06419,4.179764
R,0.1166377,1.459129,0.008548183,-0.4237588,-0.08646936,-0.01741332,40.23825,19.00279,9.819943,4.206436
R,0.09616312,1.449977,0.009544049,-1.286501,-0.5750914,0.06257438,-54.20964,-30.70214,5.025958,4.222351
R,0.08749179,1.44989,0.01192598,-0.3341868,-0.00334001,0.09179784,36.70147,22.03487,1.126251,4.248299
R,0.07159834,1.44721,0.01505033,-0.5660833,-0.09543988,0.1112811,-8.259548,-3.280357,0.6939424,4.276375
R,0.05738143,1.442155,0.01803062,-0.9224943,-0.3280167,0.1933829,-23.12649,-15.09124,5.327354,4.291786
R,0.04986801,1.439664,0.01992483,-0.2845417,-0.09434141,0.07173587,24.15999,8.849548,-4.606913,4.318192
R,0.03926275,1.432528,0.02004204,-0.6941587,-0.4670802,0.007671685,-26.81114,-24.39731,-4.193269,4.333469
R,0.03437354,1.427902,0.01911696,-0.1881775,-0.1780438,-0.03560496,19.47437,11.12453,-1.665646,4.359451
R,0.02988002,1.422764,0.01697936,-0.306678,-0.3506736,-0.1458887,-8.08753,-11.7818,-7.526742,4.374104
R,0.02543142,1.420049,0.01644582,-0.1602328,-0.09779902,-0.01921727,5.274764,9.108212,4.562538,4.401867
R,0.02171375,1.417456,0.01601814,-0.1363026,-0.0950743,-0.01568038,0.8773628,0.09989756,0.1296746,4.429142
R,0.01411828,1.409961,0.01335534,-0.4494596,-0.4435031,-0.1575701,-18.53098,-20.61818,-8.396285,4.446041
R,0.009203762,1.40622,0.01232937,-0.2009847,-0.1529934,-0.04195844,10.16166,11.88072,4.728067,4.470493
R,0.006571962,1.4093,0.01369767,-0.1674947,0.1960579,0.08708204,2.13139,22.21454,8.212476,4.486206
R,0.003836976,1.410347,0.01439257,-0.1041185,0.03985441,0.02645448,2.412676,-5.94653,-2.308038,4.512474
R,0.003357179,1.409227,0.01450725,-0.03110956,-0.07266417,0.007435692,4.733827,-7.29559,-1.233159,4.527897
R,0.004246635,1.409184,0.01529471,0.03420859,-0.001641359,0.03028576,2.512142,2.731544,0.8788157,4.553898
R,0.01295155,1.411795,0.01837792,0.5254298,0.1576028,0.1861031,29.65017,9.611994,9.40515,4.570465
R,0.01586598,1.412575,0.0196398,0.1147146,0.03070571,0.04966883,-16.16615,-4.99479,-5.370183,4.595871
R,0.02354568,1.414079,0.02499845,0.4927037,0.0965033,0.3437929,24.25051,4.221352,18.87001,4.611458
R,0.02586364,1.413244,0.02668379,0.08848698,-0.031878,0.06433694,-15.43076,-4.900887,-10.66808,4.637653
R,0.02756049,1.413093,0.027938,0.06140514,-0.00546573,0.04538704,-0.9800308,0.9558004,-0.6857542,4.665287
R,0.02845359,1.413752,0.0280693,0.05731238,0.04229651,0.00842581,-0.2626418,3.065015,-2.371888,4.68087
R,0.02933974,1.414094,0.02816335,0.03450153,0.01331594,0.003661783,-0.8881223,-1.128335,-0.1854836,4.706554
R,0.0310283,1.414636,0.02849438,0.1074381,0.03444326,0.02106234,4.640749,1.344272,1.107149,4.722271
R,0.03201004,1.414901,0.02875146,0.03710994,0.01005317,0.009717677,-2.658415,-0.9219489,-0.4288301,4.748726
R,0.03287165,1.414814,0.02883833,0.05487517,-0.005565173,0.005532905,1.13145,-0.9947171,-0.266524,4.764427
R,0.03335735,1.414759,0.02892366,0.01863344,-0.002126628,0.003273335,-1.390393,0.1319177,-0.08668705,4.790493
R,0.0342017,1.414074,0.0288245,0.05551587,-0.04498997,-0.006519234,2.425009,-2.818251,-0.6438584,4.805702
R,0.03478556,1.413616,0.02879031,0.0223568,-0.01756957,-0.001309216,-1.269712,1.04997,0.1994997,4.831818
R,0.03524996,1.413757,0.02891172,0.0299779,0.009149532,0.007837028,0.4919535,1.72476,0.5904046,4.847309
R,0.03553516,1.413838,0.02899727,0.01070193,0.003032851,0.003210173,-0.7233151,-0.2295235,-0.173619,4.873959
R,0.03660666,1.41333,0.02932033,0.06918392,-0.03278941,0.02085899,3.776036,-2.312953,1.13954,4.889446
R,0.03737794,1.41302,0.02960182,0.02780356,-0.0111687,0.01014721,-1.491696,0.7793922,-0.3861425,4.917187
R,0.03830951,1.412458,0.02987205,0.06165214,-0.03719863,0.01788421,2.240142,-1.722694,0.5120443,4.932297
R,0.03846734,1.411673,0.03009977,0.006099952,-0.03037004,0.008800796,-2.146937,0.2639056,-0.3510486,4.958172
R,0.03839977,1.41096,0.03048455,-0.002460053,-0.0259339,0.01400739,-0.311617,0.1614927,0.1895398,4.985641
R,0.03848555,1.409289,0.03111043,0.003103409,-0.06045577,0.02264301,0.2012736,-1.248924,0.3124177,5.013283
R,0.03881959,1.407316,0.03160812,0.01200705,-0.07091132,0.01788945,0.3200377,-0.3758206,-0.170865,5.041103
R,0.03920007,1.4074,0.03244361,0.01374387,0.003035862,0.03018032,0.06273913,2.671188,0.4439819,5.068787
R,0.03950978,1.406864,0.0333416,0.01139835,-0.01975555,0.0330482,-0.08632097,-0.8387801,0.1055453,5.095959
R,0.03963874,1.404927,0.03422661,0.008837827,-0.1327451,0.06065334,-0.1754837,-7.74367,1.891901,5.11055
R,0.03971399,1.403822,0.03474832,0.002751264,-0.04037221,0.01907429,-0.2225322,3.377266,-1.520181,5.137901
R,0.04223024,1.404613,0.03570873,0.0920356,0.0289129,0.03512845,3.265711,2.534209,0.5872054,5.165241
R,0.04762052,1.404883,0.03559121,0.3483802,0.01746641,-0.007594844,16.56785,-0.7398002,-2.761256,5.180714
R,0.05060051,1.405293,0.03543051,0.112628,0.01548082,-0.006073948,-8.910186,-0.07504448,0.05748178,5.207172
R,0.0584987,1.404931,0.0367658,0.5092132,-0.02331069,0.08608929,25.56873,-2.500974,5.941968,5.222683
R,0.06465564,1.404308,0.03819386,0.2375285,-0.02403422,0.05509321,-10.48131,-0.02791309,-1.195796,5.248604
R,0.06998926,1.40957,0.03857349,0.1878009,0.185267,0.0133669,-1.750944,7.36965,-1.469214,5.277004
R,0.09006132,1.425683,0.04629488,0.7333477,0.5886977,0.2821067,19.93196,14.73965,9.818608,5.304375
R,0.1008732,1.420187,0.04098129,0.3882566,-0.1973673,-0.1908116,-12.39227,-28.2277,-16.98256,5.332222
R,0.1062529,1.411645,0.03710489,0.3474378,-0.5516522,-0.250351,-2.636219,-22.88092,-3.845256,5.347706
R,0.1093178,1.411631,0.03936363,0.1181717,-0.0005469554,0.08708858,-8.839643,21.24856,13.01041,5.373642
R,0.1166303,1.415491,0.04417431,0.4893862,0.2583291,0.3219535,24.84341,17.3252,15.71826,5.388584
R,0.1219005,1.419467,0.04743224,0.1945295,0.1467808,0.1202541,-10.88354,-4.117389,-7.444983,5.415676
R,0.1263588,1.419682,0.04708374,0.1607378,0.007744808,-0.01256463,-1.218306,-5.012716,-4.788563,5.443413
R,0.1358795,1.417363,0.04467739,0.3397927,-0.0827774,-0.08588272,6.390492,-3.23075,-2.616732,5.471432
R,0.1474177,1.419932,0.04454434,0.7462826,0.1661578,-0.008605701,26.29136,16.10088,4.9982,5.486893
R,0.1545693,1.4232,0.04522235,0.2764716,0.1263272,0.02621093,-18.16224,-1.539793,1.345963,5.51276
R,0.1654998,1.424313,0.04430081,0.3910136,0.0398429,-0.03296632,4.097503,-3.093798,-2.116943,5.540714
R,0.1759203,1.424924,0.04327398,0.6651297,0.0389807,-0.06554073,17.49644,-0.05503252,-2.079179,5.556381
R,0.1814138,1.425038,0.04261174,0.2157086,0.004479666,-0.02600398,-17.64725,-1.354739,1.552475,5.581848
R,0.1931986,1.422984,0.04243993,0.800344,-0.1395321,-0.0116684,39.70432,-9.780261,0.973571,5.596573
R,0.199821,1.422368,0.0423272,0.2471548,-0.0229748,-0.004206977,-20.64568,4.350055,0.2784693,5.623367
R,0.2107705,1.420741,0.04186201,0.7486541,-0.1112497,-0.0318068,34.28926,-6.035662,-1.887096,5.637993
R,0.2171354,1.420143,0.04163909,0.2308757,-0.02169382,-0.008085862,-18.78131,3.248447,0.8604263,5.665562
R,0.228848,1.420016,0.03795271,0.834799,-0.009040239,-0.2627415,43.04374,0.9018654,-18.15021,5.679592
R,0.2365455,1.420151,0.03607071,0.2769877,0.004877316,-0.06772196,-20.07232,0.5008104,7.017598,5.707382
R,0.2491826,1.419268,0.03491507,0.8921978,-0.06238217,-0.08159018,43.43486,-4.748632,-0.979119,5.721546
R,0.256864,1.418408,0.03493666,0.2773196,-0.03105203,0.000779394,-22.19896,1.131113,2.97379,5.749245
R,0.2653072,1.416452,0.02741797,0.6035843,-0.1398026,-0.5374913,23.3238,-7.77429,-38.47953,5.763233
R,0.2708559,1.415604,0.02436844,0.1999388,-0.03055842,-0.1098854,-14.54478,3.936456,15.40815,5.790985
R,0.2869733,1.410303,0.02273723,1.122795,-0.3693197,-0.1136355,64.28947,-23.59932,-0.2612469,5.80534
R,0.2957842,1.408137,0.0215679,0.3207975,-0.07885417,-0.04257406,-29.19984,10.57553,2.587268,5.832806
R,0.3089313,1.406106,0.01851881,0.8841533,-0.1365604,-0.2050543,37.88618,-3.880797,-10.92694,5.847675
R,0.3170264,1.404826,0.01713608,0.3038062,-0.04804492,-0.05189294,-21.78018,3.321948,5.74808,5.874321
R,0.3305105,1.401568,0.01473973,0.8661537,-0.2092854,-0.1539306,36.12253,-10.35732,-6.554412,5.889889
R,0.3388355,1.39943,0.0134049,0.319195,-0.08196212,-0.05117994,-20.97147,4.881825,3.939661,5.91597
R,0.3500635,1.394856,0.007506639,0.7649083,-0.3115904,-0.4018174,30.36411,-15.64337,-23.88709,5.930649
R,0.3571208,1.392652,0.004812114,0.2625264,-0.08201185,-0.1002346,-18.68829,8.54018,11.21869,5.957531
R,0.3657971,1.384363,-0.002516758,0.575368,-0.5496696,-0.4860157,20.74615,-31.01282,-25.58315,5.97261
R,0.3716654,1.380724,-0.005881004,0.2183918,-0.1354211,-0.1252012,-13.28495,15.41635,13.42779,5.999481
R,0.3838906,1.376474,-0.006242855,0.8612625,-0.2994323,-0.02549236,45.29016,-11.55457,7.024473,6.013676
R,0.385731,1.370133,-0.01207834,0.06689697,-0.2304666,-0.2121098,-28.87384,2.506786,-6.78323,6.041187
R,0.395464,1.365871,-0.01707527,0.6710798,-0.2938914,-0.3445335,41.65778,-4.373074,-9.130477,6.055691
R,0.4043586,1.365859,-0.01799236,0.3275729,-0.000425857,-0.03377503,-12.65078,10.80784,11.44471,6.082844
R,0.4170024,1.356178,-0.02368531,0.8535926,-0.6535781,-0.3843344,35.51195,-44.09476,-23.66651,6.097656
R,0.424322,1.351784,-0.02659993,0.2705176,-0.1624225,-0.1077192,-21.54936,18.15219,10.22318,6.124714
R,0.4402812,1.354284,-0.02477982,1.117117,0.1750083,0.1274052,59.26057,23.61962,16.45833,6.139
R,0.4492058,1.354174,-0.02492162,0.330864,-0.004074742,-0.005257017,-29.14883,-6.639168,-4.9182,6.165974
R,0.4466123,1.340957,-0.04269996,-0.1731724,-0.8824742,-1.187083,-33.65515,-58.65184,-78.91199,6.18095
R,0.450757,1.339805,-0.04589261,0.1541376,-0.04286069,-0.118731,12.17227,31.22424,39.73073,6.20784
R,0.4611044,1.334374,-0.05005906,0.6654789,-0.3492855,-0.267961,32.88643,-19.70741,-9.597586,6.223389
R,0.4683014,1.330245,-0.05197957,0.2770839,-0.1589578,-0.07393894,-14.95307,7.327544,7.469778,6.249363
R,0.4751529,1.321243,-0.0572201,0.4905977,-0.6445643,-0.3752454,15.28855,-34.7716,-21.57489,6.263329
R,0.47977,1.316924,-0.06012078,0.1683594,-0.1574932,-0.1057721,-11.75029,17.76085,9.826238,6.290752
R,0.4927523,1.308774,-0.06619974,0.8357686,-0.5246884,-0.3913466,42.96594,-23.639,-18.38449,6.306286
R,0.4998707,1.304585,-0.06941203,0.2706758,-0.1593097,-0.1221471,-21.48763,13.89351,10.2363,6.332584
R,0.5080372,1.300937,-0.07343615,0.5541799,-0.2475165,-0.2730775,19.23865,-5.98573,-10.24217,6.347321
R,0.5126408,1.299438,-0.07412107,0.167846,-0.05467229,-0.02497175,-14.08555,7.031009,9.045819,6.374748
R,0.5220978,1.294164,-0.07718547,0.6430853,-0.3586252,-0.2083825,32.31677,-20.66911,-12.47212,6.389454
R,0.5284256,1.290415,-0.07956233,0.2352236,-0.1393443,-0.08835509,-15.16144,8.151327,4.461778,6.416355
R,0.5356786,1.277899,-0.07775023,0.4857722,-0.8383048,0.1213672,16.78074,-46.81356,14.04636,6.431286
R,0.5403956,1.27227,-0.07779652,0.1758935,-0.2098729,-0.00172614,-11.55517,23.43381,-4.590069,6.458103
R,0.5445679,1.265698,-0.08094724,0.2733009,-0.4305035,-0.2063826,6.380499,-14.45202,-13.40567,6.47337
R,0.5478221,1.26188,-0.08259688,0.1258227,-0.1476171,-0.06378192,-5.702139,10.93761,5.513558,6.499233
R,0.5509024,1.2488,-0.0895564,0.2176508,-0.9242672,-0.4917511,6.488455,-54.87713,-30.23977,6.513386
R,0.553565,1.242799,-0.09260746,0.09511916,-0.2143593,-0.1089968,-4.377341,25.36087,13.67358,6.541378
R,0.5570425,1.234703,-0.09712271,0.2384539,-0.5551677,-0.3096119,9.828499,-23.36931,-13.75623,6.555962
R,0.5597116,1.22997,-0.09951881,0.09795429,-0.1736928,-0.08793547,-5.156256,13.99991,8.135399,6.58321
R,0.5645888,1.223037,-0.1004085,0.3342565,-0.4751389,-0.0609758,16.19483,-20.65942,1.847664,6.597801
R,0.5676878,1.218787,-0.1014292,0.1147422,-0.1573667,-0.03779159,-8.127734,11.76583,0.8584182,6.624809
R,0.5720445,1.216657,-0.1007362,0.2934425,-0.1434513,0.04667577,12.03628,0.9372662,5.689263,6.639656
R,0.5749415,1.214501,-0.1008447,0.1073236,-0.0798827,-0.004019971,-6.895131,2.355021,-1.878121,6.666649
R,0.5765625,1.212327,-0.1025031,0.1063407,-0.1426114,-0.1087939,-0.06447951,-4.1151,-6.873335,6.681892
R,0.5767149,1.212136,-0.1028902,0.005827198,-0.007317029,-0.0147921,-3.841524,5.170811,3.592651,6.708057
R,0.577347,1.21098,-0.103566,0.04388324,-0.08021881,-0.04691586,2.641993,-5.061114,-2.230152,6.722462
R,0.5782142,1.209385,-0.1041659,0.03141627,-0.05777536,-0.02173648,-0.4516503,0.8130758,0.9121925,6.750065
R,0.5791034,1.207666,-0.1049166,0.06153066,-0.1189612,-0.05194859,2.08403,-4.234292,-2.090793,6.764515
R,0.5798935,1.206329,-0.1054674,0.02927976,-0.04957414,-0.0204098,-1.195134,2.571303,1.168745,6.7915
R,0.5799048,1.206232,-0.1054099,0.0007965522,-0.00681681,0.004045123,-2.003408,3.0074,1.720073,6.805717
R,0.5799725,1.206098,-0.1054057,0.00252849,-0.004994658,0.0001552484,0.0646748,0.06804361,-0.1452574,6.832497
R,0.5796804,1.206721,-0.1050967,-0.01895967,0.04044163,0.02005689,-1.394651,2.94896,1.29168,6.847904
R,0.5794783,1.207214,-0.1048394,-0.007750768,0.01891736,0.009867654,0.4299602,-0.8256451,-0.3908467,6.873974
R,0.5796325,1.208201,-0.1045331,0.01022684,0.06548184,0.02032713,1.192792,3.089496,0.6939735,6.889046
R,0.5796006,1.209232,-0.104153,-0.001180497,0.03823129,0.01409494,-0.4230851,-1.010692,-0.2311448,6.916008
R,0.5793111,1.211331,-0.1033728,-0.01949313,0.1413473,0.05252321,-1.232806,6.941765,2.586991,6.930862
R,0.5792099,1.212318,-0.1030041,-0.003760548,0.03668363,0.01371038,0.5849103,-3.891213,-1.442994,6.95776
R,0.5787997,1.213877,-0.1028779,-0.03180457,0.1208407,0.009782378,-2.174378,6.525075,-0.3045554,6.970657
R,0.578617,1.21464,-0.1028228,-0.01086802,0.04536496,0.00327884,1.245098,-4.488548,-0.3867658,6.987473
R,0.5780402,1.216146,-0.1016577,-0.02236502,0.05843658,0.04518017,-0.4458383,0.5069003,1.624879,7.01326
R,0.5775116,1.217814,-0.0998988,-0.03851532,0.1214824,0.1281485,-1.176683,4.59341,6.044924,7.026985
R,0.577551,1.217957,-0.09935955,0.001395504,0.005054215,0.0191003,1.413645,-4.123897,-3.862494,7.055218
R,0.5773864,1.217989,-0.09945897,-0.01188877,0.002332989,-0.007179752,-0.9593371,-0.196516,-1.89784,7.069065
R,0.5772845,1.218015,-0.09951908,-0.003648607,0.0009430902,-0.002151825,0.2949761,-0.04975469,0.1799865,7.097
R,0.5770276,1.218133,-0.09944981,-0.01850691,0.008521166,0.00499126,-1.070647,0.5460547,0.5147105,7.110878
R,0.5768721,1.218211,-0.09940299,-0.00554182,0.002752855,0.001668759,0.4620337,-0.2055639,-0.1184032,7.138939
R,0.5767772,1.217989,-0.09946261,-0.007018905,-0.01641859,-0.004409962,-0.1092576,-1.418081,-0.4496332,7.152458
R,0.5767822,1.217948,-0.09953554,0.0001751824,-0.001443672,-0.002582621,0.2547463,0.5302697,0.0647071,7.180698
R,0.5768359,1.217778,-0.09964318,0.003850751,-0.01217555,-0.007709507,0.2632591,-0.7686602,-0.3672084,7.19466
R,0.5768893,1.217603,-0.09968556,0.001913309,-0.006267957,-0.001520226,-0.06948815,0.2118811,0.2219843,7.222542
R,0.576926,1.217258,-0.09984847,0.002679566,-0.02518618,-0.01188894,0.05592138,-1.380651,-0.7567084,7.236244
R,0.5769492,1.217053,-0.09994543,0.0008483077,-0.007519191,-0.003547518,-0.06699976,0.6463774,0.3051855,7.263577
R,0.5775107,1.216274,-0.1009494,0.0398774,-0.05532037,-0.07130308,2.771943,-3.394959,-4.812169,7.277657
R,0.5779003,1.215756,-0.1016305,0.0139842,-0.01856431,-0.02444588,-0.9293191,1.319192,1.681727,7.305519
R,0.5780742,1.215189,-0.1016284,0.01216158,-0.03966891,0.0001474351,-0.1274449,-1.475712,1.719656,7.31982
R,0.5782641,1.215197,-0.1016389,0.006872756,0.0002848363,-0.0003811305,-0.1914698,1.446435,-0.01913552,7.347443
R,0.578638,1.215164,-0.1016568,0.0253967,-0.002210168,-0.00121286,1.258016,-0.1694431,-0.05648522,7.362167
R,0.5788653,1.215077,-0.1016645,0.008437633,-0.003252903,-0.0002854589,-0.6296157,-0.03871218,0.03443035,7.389103
R,0.5790244,1.215003,-0.1016173,0.01082917,-0.005031161,0.003208887,0.1627958,-0.1210489,0.2378659,7.403793
R,0.5791141,1.214962,-0.1015883,0.003335077,-0.00153347,0.001078637,-0.2786174,0.1300381,-0.07919901,7.430691
R,0.5791693,1.214931,-0.1015879,0.003686306,-0.002046178,2.786624E-05,0.02345799,-0.03424288,-0.07017916,7.445663
R,0.5791959,1.214916,-0.1015884,0.001004577,-0.0005676085,-1.717466E-05,-0.1013405,0.05587404,-0.001702062,7.472126
R,0.5789711,1.215161,-0.1013288,-0.01506168,0.01640405,0.01739734,-1.076879,1.137566,1.167249,7.487045
R,0.5791422,1.215275,-0.101143,0.006414497,0.004295702,0.006967105,0.8053001,-0.4540312,-0.3911064,7.513714
R,0.5793939,1.215323,-0.1009211,0.01777118,0.003383383,0.01566603,0.8018004,-0.06441124,0.6141586,7.527878
R,0.5794218,1.215224,-0.100913,0.0009449463,-0.003383191,0.0002756936,-0.5712115,-0.2297095,-0.5224662,7.557335
R,0.5795872,1.215383,-0.1005136,0.006425515,0.006191649,0.01551675,0.2129073,0.3719601,0.5920793,7.583076
R,0.5795851,1.215553,-0.1001607,-0.0001515729,0.01235969,0.02563747,-0.477867,0.4481469,0.7353344,7.59684
R,0.579433,1.215615,-0.1000891,-0.005446014,0.002224518,0.002565828,-0.1896306,-0.3630105,-0.8263551,7.62476
R,0.5789588,1.215811,-0.09992477,-0.03322975,0.01371625,0.01151305,-1.946897,0.8052631,0.6269607,7.63903
R,0.5785732,1.215968,-0.09980032,-0.01408754,0.005722996,0.004546766,0.6993749,-0.2920396,-0.2545183,7.666401
R,0.5785094,1.216015,-0.09959832,-0.004527146,0.003350934,0.01433878,0.6786355,-0.1683785,0.6950768,7.680489
R,0.5784738,1.21604,-0.09948051,-0.001273164,0.0009197438,0.004208041,0.11623,-0.08684044,-0.3618631,7.708485
R,0.5783095,1.216079,-0.09985149,-0.01133337,0.002630887,-0.02558537,-0.6938231,0.1180126,-2.054766,7.722984
R,0.5782069,1.21615,-0.1000465,-0.00376989,0.002611103,-0.007166022,0.2779644,-0.0007270568,0.6769272,7.750195
R,0.5781053,1.216319,-0.1003736,-0.007126606,0.01190277,-0.02295131,-0.2355308,0.6519686,-1.107607,7.764446
R,0.578102,1.216445,-0.1005457,-0.0001219852,0.004578802,-0.006291225,0.2559904,-0.2676612,0.6088585,7.791809
R,0.5779324,1.216664,-0.1007292,-0.0114847,0.01483406,-0.01242242,-0.7692838,0.6943067,-0.4150971,7.80658
R,0.5778309,1.216795,-0.1008343,-0.003788284,0.004892272,-0.003925447,0.287403,-0.3712509,0.3172978,7.833359
R,0.5776752,1.216995,-0.1011875,-0.01072731,0.01382685,-0.02432836,-0.4779356,0.6153827,-1.405282,7.847878
R,0.577572,1.217129,-0.1014236,-0.003761655,0.004861884,-0.008612123,0.2541057,-0.3270405,0.5733256,7.87529
R,0.5774173,1.217493,-0.1015073,-0.0102032,0.02398164,-0.005517075,-0.4245945,1.260279,0.2040102,7.890461
R,0.5773209,1.217724,-0.1015535,-0.0036754,0.008833697,-0.001763214,0.2490864,-0.5780121,0.143239,7.916668
R,0.5772885,1.217998,-0.1015562,-0.002377622,0.02009615,-0.0001923077,0.09516216,0.825842,0.1151899,7.930305
R,0.5773706,1.218044,-0.1015027,0.002885453,0.001624899,0.00187722,0.1848946,-0.6489049,0.07270359,7.958771
R,0.5773226,1.21811,-0.1013218,-0.003459821,0.004747596,0.01302906,-0.4569713,0.2248891,0.8031286,7.972656
R,0.5772946,1.218142,-0.1012069,-0.001002423,0.001138923,0.0041102,0.08793233,-0.129128,-0.3191408,8.000603
R,0.5772092,1.218396,-0.1009299,-0.005824824,0.01731595,0.01889461,-0.3288667,1.103202,1.008232,8.015266
R,0.577215,1.218583,-0.100699,0.0002153794,0.006954313,0.008600467,0.2250111,-0.3859941,-0.3834797,8.04211
R,0.5767881,1.218764,-0.1005375,-0.02923716,0.01240365,0.01106192,-2.017457,0.3732715,0.1686063,8.056709
R,0.5764573,1.218889,-0.1004237,-0.01253523,0.004734027,0.004313645,0.6328868,-0.2906251,-0.2557128,8.083099
R,0.5760703,1.220253,-0.0997982,-0.02722843,0.09598094,0.04400507,-1.033745,6.419708,2.792504,8.097313
R,0.5758251,1.221161,-0.09939079,-0.008865156,0.03282737,0.01472911,0.6638838,-2.283179,-1.058408,8.124973
R,0.5756807,1.221606,-0.09853805,-0.0102502,0.03157164,0.0605474,-0.09834284,-0.08916079,3.253248,8.139057
R,0.5755969,1.22166,-0.09829146,-0.002996692,0.001939538,0.008817436,0.2593731,-1.059593,-1.849775,8.167023
R,0.575472,1.22171,-0.09795642,-0.008837021,0.003541554,0.02369943,-0.4131158,0.1133187,1.052678,8.18116
R,0.5753976,1.221739,-0.09775414,-0.002698883,0.001037201,0.007333064,0.2225247,-0.09078982,-0.5933264,8.208744
R,0.5748366,1.222278,-0.097311,-0.03883351,0.03731516,0.03067495,-2.501314,2.511235,1.615773,8.22319
R,0.5747389,1.222372,-0.09722592,-0.003649099,0.003540004,0.003178211,1.314247,-1.261606,-1.027088,8.249962
R,0.5745163,1.22254,-0.0971652,-0.01596272,0.0120554,0.004354587,-0.883158,0.6107417,0.08437203,8.263905
R,0.5743224,1.22267,-0.09716523,-0.006933314,0.004646365,-1.06568E-06,0.3228762,-0.2649345,-0.1557507,8.29187
R,0.5739685,1.22293,-0.09692104,-0.0253778,0.0186423,0.01750921,-1.322514,1.003542,1.255529,8.305817
R,0.573738,1.223099,-0.09675901,-0.008272436,0.006036932,0.00581552,0.6139197,-0.4524126,-0.419692,8.333679
R,0.5736432,1.223199,-0.09632565,-0.00655854,0.006921528,0.02998985,0.1186081,0.06121746,1.672956,8.348129
R,0.5736685,1.223046,-0.09615485,0.0009353381,-0.005656148,0.006321529,0.2773507,-0.4655037,-0.875972,8.375149
R,0.5728492,1.223595,-0.095385,-0.06241373,0.0418483,0.05864881,-4.82609,3.619008,3.986423,8.388275
R,0.5721776,1.224051,-0.09476621,-0.02343542,0.01592452,0.02159384,1.360214,-0.9046543,-1.293096,8.416931
R,0.5715001,1.224304,-0.09446031,-0.04951474,0.0184869,0.02235558,-1.905921,0.1872627,0.05566937,8.430614
R,0.5711714,1.224426,-0.09432293,-0.0116986,0.004331557,0.004888911,1.345815,-0.5037656,-0.6216103,8.458714
R,0.5710986,1.224402,-0.0939144,-0.005246977,-0.001751855,0.02942945,0.4647578,-0.438233,1.767836,8.472595
R,0.5710528,1.224383,-0.09363829,-0.001641362,-0.0006753522,0.009900535,0.1292833,0.0385992,-0.7002307,8.500484
R,0.5712092,1.224287,-0.09314283,0.01099785,-0.006781451,0.03483929,0.8887593,-0.4293662,1.753633,8.514706
R,0.5705423,1.22506,-0.09175226,-0.02298048,0.02666952,0.04792025,-1.170924,1.15275,0.4507815,8.543724
R,0.568519,1.227308,-0.08894832,-0.1462786,0.1625069,0.2027129,-8.913918,9.820451,11.19084,8.557556
R,0.5675659,1.228383,-0.08762708,-0.0353658,0.03988411,0.04902413,4.115376,-4.549869,-5.702562,8.584507
R,0.5668194,1.229218,-0.08661391,-0.05375601,0.06010474,0.07296585,-1.324418,1.456241,1.724225,8.598392
R,0.5664441,1.229919,-0.0860613,-0.01398985,0.02614016,0.02059765,1.482221,-1.265976,-1.951942,8.625221
R,0.5650393,1.231387,-0.08468664,-0.09394531,0.09819834,0.09192792,-5.346899,4.81878,4.770102,8.640175
R,0.5642742,1.232198,-0.08392119,-0.02963832,0.03139777,0.02965246,2.491162,-2.587759,-2.412463,8.665989
R,0.562238,1.233449,-0.08260089,-0.1344837,0.08264834,0.08720317,-6.924811,3.38499,3.801102,8.681129
R,0.5615695,1.233826,-0.08187968,-0.02538978,0.01429632,0.02738845,4.14288,-2.595693,-2.271486,8.707462
R,0.5609335,1.234031,-0.08066074,-0.04546462,0.01466628,0.08713856,-1.435097,0.02644748,4.271375,8.721451
R,0.5605572,1.23417,-0.07994568,-0.01297903,0.004790296,0.02466437,1.120513,-0.3406487,-2.154899,8.750443
R,0.5601219,1.234494,-0.07932524,-0.01579587,0.01177499,0.0225142,-0.1022174,0.2534599,-0.07802524,8.778
R,0.559622,1.235061,-0.07882901,-0.03405178,0.03863208,0.03380561,-1.243679,1.829633,0.7692243,8.792679
R,0.5592998,1.235433,-0.07851011,-0.01236417,0.01424155,0.0122344,0.8320323,-0.9357283,-0.8275666,8.818745
R,0.5586542,1.23585,-0.07711617,-0.04616322,0.02982645,0.0996765,-2.416863,1.114426,6.252707,8.832729
R,0.5582481,1.236119,-0.07623805,-0.01503788,0.009976692,0.03251778,1.15261,-0.7350606,-2.48697,8.859734
R,0.5578035,1.236169,-0.07642903,-0.02903899,0.003269806,-0.01247246,-0.9143765,-0.4380094,-2.938197,8.875046
R,0.5574988,1.236208,-0.07655336,-0.01179607,0.001500185,-0.00481415,0.6676703,-0.06852223,0.2965406,8.900871
R,0.5573077,1.236871,-0.07600662,-0.01265313,0.04393471,0.03620213,-0.05675027,2.809789,2.71588,8.915974
R,0.5570472,1.237639,-0.07553422,-0.009906712,0.02919658,0.01796314,0.1044325,-0.5604163,-0.6935365,8.942272
R,0.5569843,1.239824,-0.0749897,-0.004102632,0.1425072,0.03552568,0.3786722,7.392654,1.145822,8.9576
R,0.5569519,1.241075,-0.07469035,-0.001217068,0.04696449,0.01123606,0.1083095,-3.586188,-0.9117092,8.984241
R,0.5566301,1.244585,-0.07449299,-0.02108594,0.2300391,0.01293408,-1.302126,11.99797,0.1112814,8.9995
R,0.5564673,1.246433,-0.07439333,-0.006129739,0.06958555,0.003751436,0.5629922,-6.039909,-0.3456599,9.026066
R,0.5525854,1.250926,-0.07169997,-0.2629482,0.3043039,0.1824416,-17.39623,15.89923,12.10402,9.040829
R,0.5508209,1.253187,-0.07043115,-0.06307957,0.08084174,0.04535842,7.145009,-7.988446,-4.900521,9.068802
R,0.5449241,1.259461,-0.06917252,-0.397275,0.422642,0.08479655,-22.51537,23.02773,2.657021,9.083645
R,0.5413574,1.263236,-0.06784724,-0.138724,0.1468379,0.05154511,10.05602,-10.72706,-1.293274,9.109356
R,0.5328043,1.27204,-0.0615478,-0.5491443,0.5652553,0.4044478,-26.35053,26.86398,22.65768,9.124931
R,0.5291588,1.276231,-0.05876234,-0.1404321,0.1614622,0.107302,15.74452,-15.55503,-11.44673,9.15089
R,0.5217893,1.284912,-0.0509933,-0.5099987,0.6007375,0.5376471,-25.57541,30.39952,29.78152,9.16534
R,0.5182742,1.28934,-0.04733298,-0.1315047,0.1656558,0.1369391,14.16012,-16.27716,-14.99118,9.19207
R,0.5079158,1.29628,-0.04090676,-0.6844947,0.4585723,0.4246521,-36.54223,19.35627,19.01241,9.207203
R,0.5032101,1.300164,-0.03756491,-0.1812197,0.1495749,0.1286976,19.3816,-11.89978,-11.39748,9.23317
R,0.4894777,1.310493,-0.02731135,-0.9592014,0.7214728,0.716203,-54.34139,39.94661,41.03677,9.247486
R,0.482374,1.317473,-0.02013014,-0.2584207,0.2539507,0.2612421,25.4934,-17.00779,-16.55083,9.274975
R,0.4690479,1.325015,-0.01184251,-0.9385705,0.5311996,0.5837059,-47.90359,19.52691,22.71143,9.289173
R,0.4619149,1.328075,-0.008126605,-0.2584842,0.1108654,0.134656,24.64481,-15.23198,-16.27257,9.316769
R,0.44319,1.341227,0.005749713,-1.279287,0.8985617,0.9480307,-69.7413,53.81545,55.5698,9.331406
R,0.4347966,1.348126,0.01290593,-0.3098529,0.254678,0.2641824,35.78811,-23.76993,-25.24528,9.358494
R,0.4142451,1.360432,0.02238185,-1.433214,0.8582153,0.6608287,-78.34064,42.08929,27.6612,9.372833
R,0.4049185,1.367229,0.0279357,-0.3397151,0.2475641,0.2022939,39.82969,-22.2424,-16.7017,9.400288
R,0.3776378,1.372146,0.03160665,-1.785635,0.3218477,0.2402791,-94.64151,4.862171,2.486292,9.415565
R,0.3636688,1.376329,0.03457223,-0.5356774,0.16041,0.1137228,47.93285,-6.190744,-4.853127,9.441643
R,0.3407222,1.388194,0.04038665,-1.541198,0.796895,0.3905242,-67.53555,42.74936,18.59129,9.456532
R,0.3301729,1.39738,0.0439626,-0.3984803,0.3469831,0.1350738,43.16378,-16.99448,-9.649104,9.483006
R,0.3085114,1.408137,0.05076702,-1.536372,0.7629448,0.4826132,-80.70655,29.50267,24.64972,9.497105
R,0.2976157,1.414471,0.05485674,-0.3968635,0.2307081,0.1489644,41.50552,-19.38622,-12.15285,9.524559
R,0.2773575,1.431024,0.06535318,-1.424511,1.164012,0.7380845,-72.26173,65.6277,41.42551,9.53878
R,0.2667668,1.439986,0.07097935,-0.3838343,0.3247874,0.2039078,37.71703,-30.41583,-19.36005,9.566372
R,0.2393928,1.436053,0.07992849,-1.94207,-0.2790426,0.634902,-110.55,-42.83909,30.57714,9.580467
R,0.2238899,1.435369,0.08200894,-0.5603945,-0.02469577,0.07520366,49.94457,9.194084,-20.23188,9.608131
R,0.1968975,1.431632,0.08380321,-1.693203,-0.234461,0.1125526,-71.05981,-13.15834,2.342859,9.624073
R,0.1842069,1.42872,0.08418103,-0.499665,-0.1146318,0.01487578,46.99291,4.718008,-3.845809,9.649471
R,0.1469743,1.417039,0.0833417,-2.598593,-0.8153039,-0.05857971,-146.4913,-48.90228,-5.126708,9.663799
R,0.1310642,1.413472,0.08398395,-0.5810441,-0.1302417,0.02345546,73.68185,25.0188,2.995964,9.691181
R,0.1049481,1.411248,0.08064538,-1.711114,-0.145737,-0.2187417,-74.04176,-1.015246,-15.86867,9.706444
R,0.09134497,1.41034,0.08004738,-0.517634,-0.03454783,-0.02275565,45.41496,4.231031,7.457768,9.732723
R,0.06931784,1.406617,0.07547126,-1.429277,-0.2415842,-0.2969311,-59.1539,-13.43399,-17.79046,9.748135
R,0.05799881,1.403835,0.07407699,-0.4234644,-0.1040656,-0.05216212,37.62919,5.144808,9.15723,9.774864
R,0.04196263,1.403818,0.07443719,-1.058356,-0.001117195,0.02377236,-41.90156,6.794386,5.011523,9.790016
R,0.03479594,1.405449,0.07553313,-0.271293,0.06174188,0.04148663,29.79405,2.379513,0.6705688,9.816433
R,0.02389182,1.401315,0.07081673,-0.7432272,-0.2818106,-0.3214704,-32.16711,-23.4166,-24.73921,9.831104
R,0.01606462,1.399535,0.06909609,-0.2907132,-0.06610407,-0.06390715,16.807,8.011644,9.566257,9.858028
R,0.01075401,1.394995,0.06396569,-0.1942707,-0.1660838,-0.1876782,3.528022,-3.657421,-4.52775,9.885365
